01htTx8jcsqp3CYr,配置,0,
03wYj5KyOnLcmbHe,动力,0,
05JqRAdHXSsbxWvr,价格,0,
0653EkFWJzSYsP7w,舒适性,0,
06H4OMfwaG1xoqFb,配置,0,
06iTfdx8yo1OmEZq,动力,0,
06iTfdx8yo1OmEZq,空间,0,
0aKUsYjmWXVMlc1w,动力,0,
0aNFWEteHpDCxqj2,操控,0,
0aPkxUi8QZB49jAq,油耗,0,
0AsYm8O6JBuqCh73,动力,0,
0AsYm8O6JBuqCh73,操控,0,
0EAkf51SzTLG6ghq,价格,0,
0EAkf51SzTLG6ghq,空间,0,
0elCG69Ygt8Pn4hT,操控,0,
0evmp72SRax4Tquw,动力,0,
0evmp72SRax4Tquw,舒适性,0,
0F8ytidf6PamDRGX,内饰,0,
0futiKXa5Eon9OBI,动力,0,
0g58m1hpyZjdksD4,动力,0,
0GaZuph6FqvTHYKg,价格,0,
0goOzYUThjRQ5B2y,内饰,0,
0gP1SuYKHVjDUZXN,油耗,0,
0IRxNGSPiKg71oY4,价格,0,
0iSwPD64tGvsAogc,动力,0,
0IVPXJjFT6mMQvR8,动力,0,
0kZfMDNlHSXTwoVb,舒适性,0,
0L9oFv53GRgAKxZO,动力,0,
0lY1N5m9ForC4sjw,配置,0,
0nIAjDeH84L1uSkb,油耗,0,
0nPKSdI4lmUEv6u3,动力,0,
0oj9xOc1bdiVTDmI,动力,0,
0pGMcY4nAIeV2xqW,动力,0,
0PkqaRMTlJwYhgH7,配置,0,
0qKQsSZMWBugPekR,安全性,0,
0RD2OSET4WNFQcYr,价格,0,
0rdH5sbR7CteoOUW,操控,0,
0SpZ2tHfBg8dLkRc,舒适性,0,
0SwhJdO4HzX3MF6s,动力,0,
0sx7Mr5RtQaT1Obg,舒适性,0,
0T2YuZpFsABCybz7,外观,0,
0tVHv4SZnlkuoIwg,动力,0,
0U5V2ablhdEfK4GF,油耗,0,
0UjRrg1oJKOlsDZy,价格,0,
0uzRerwNi3KJ7L1F,配置,0,
0veEh8GcN4oBMRO2,动力,0,
0veEh8GcN4oBMRO2,舒适性,0,
0vwSAdLsmoXuOf7U,油耗,0,
0w4F1sHvy7JLnVDl,动力,0,
0wDgjI7Gt1a9iHFm,动力,0,
0xMzRKSWuwc6QOik,安全性,0,
0y5iDkRJPxa3BvXw,内饰,0,
0y5iDkRJPxa3BvXw,外观,0,
0Z6xEOVphIgLod4X,空间,0,
0Zh2ndUCFcuGq5vM,动力,0,
0zLr27HtD5AelUq4,内饰,0,
127lUh3Id8pjrxBP,动力,0,
186WA2DwMKuLdmvR,价格,0,
18jWbPSzdFqrYVGH,价格,0,
1A9bzwnefxZk0WHp,外观,0,
1bpLtJvP8Q7lXmOc,动力,0,
1crqAxvdL7tWVUYy,动力,0,
1crqAxvdL7tWVUYy,操控,0,
1CwuOaQ7pEiXxDSG,操控,0,
1dmywtHGpMv4OshJ,舒适性,0,
1EvsVKno6IwH2qhi,操控,0,
1gDbBUCoNH2r90KS,舒适性,0,
1gNF8ZublsnHy9QA,操控,0,
1H0jf4nGJyNBS7T9,价格,0,
1hcPIDwvJRbsXrOi,舒适性,0,
1IsGtN04Adonir9e,油耗,0,
1j4xlC2mOrdWVIne,动力,0,
1K2Gk5SxDBmhfrZV,操控,0,
1k9CN2VgtfcWvboz,动力,0,
1KOu64ej9JfRQgmv,动力,0,
1KsgYqaxejh4PHFk,价格,0,
1kyHEuOvg5LRYpox,价格,0,
1LCz8qEbDP60pKM4,动力,0,
1MQhApRcGsqHjKWa,动力,0,
1mwePGfKiBF8Qx2M,价格,0,
1N25Pj3QwCy9Dqra,动力,0,
1N3UhTZpWO0rQS98,空间,0,
1N9UmOxJXQRVSeFY,舒适性,0,
1PJGTyFNK4ewhopq,安全性,0,
1PRfjZqklzMx3UCD,安全性,0,
1pWf3iFRshlZVL8K,内饰,0,
1pWf3iFRshlZVL8K,外观,0,
1QGXBsRqOgCI0cuY,油耗,0,
1rVGbeaJqAvOgw3F,内饰,0,
1sH6vpcFZPUxGLyQ,动力,0,
1TDsROGkEPHfcaM5,动力,0,
1tpdk4rKRMabJDuW,动力,0,
1u3v620mNLZjPxfw,动力,0,
1UgWP0Rwodecm69S,内饰,0,
1UgWP0Rwodecm69S,动力,0,
1V59zNkpvIGy4XwW,动力,0,
1V59zNkpvIGy4XwW,舒适性,0,
1VhUgba2PRp3Nlsn,配置,0,
1VMimQcjl2OfzCA4,动力,0,
1WEKjB6LkhONQ3Me,价格,0,
1YJesnbcOQUfohiF,动力,0,
1ySvCAtWFBYEdzDQ,配置,0,
1YwSypxjgB5KTOUm,动力,0,
1YwSypxjgB5KTOUm,油耗,0,
1Zcg56b8nvoaFBDN,操控,0,
1zELMpAGRZvfocUP,操控,0,
1ZK058AwxXSMBguY,动力,0,
23pkjh6DKnwPW1tL,配置,0,
25ESL9jkRTeBpK78,价格,0,
25FAjOSa9Rbehop7,油耗,0,
25VfHL3CAgipODor,价格,0,
26mIHhVZc5wsp8ra,油耗,0,
27b8ida3GRCrgcnh,价格,0,
27hA0oXHBEJqOxRc,动力,0,
27L3iuZcNMldVCEz,内饰,0,
27L3iuZcNMldVCEz,动力,0,
28Ec15qaJXDK6v4d,动力,0,
28vmCdNLH3JfZ7uo,安全性,0,
2afQM1eJpVdBmOzo,动力,0,
2ANDtOx0nkc7ISr8,价格,0,
2aqWbx1RtHduJYZN,价格,0,
2bD10pnutcEgHox5,操控,0,
2BivearLNTk9Hb75,油耗,0,
2bOjLc9nHvaXKGiY,动力,0,
2BUa1VeO5o7vFWZl,空间,0,
2CU98tIruaRAhoyK,价格,0,
2E5Wf3SN7dOK6M90,动力,0,
2EQY6zSfWwdOsiar,动力,0,
2GrgmBpqVNXOwiE8,动力,0,
2hIvNkLfKmxZ4BGO,配置,0,
2hL4TIYXNMzwyBdS,动力,0,
2hx3CD9eVPnFQvOG,配置,0,
2JqoZuxGv3zHET7t,动力,0,
2k1nzxwgAK3Yjl0Z,动力,0,
2KmFDO30ZfPdW4qJ,操控,0,
2kPQNdoOUXpuWJmx,动力,0,
2kPQNdoOUXpuWJmx,空间,0,
2NKrEM8Cn97Ih65B,配置,0,
2nYNZxBzcQm0UrVH,动力,0,
2PCdKQrDXktUp8yR,油耗,0,
2Pts6o7fgMxzUBiy,舒适性,0,
2qVcJnuP0IzAof9U,内饰,0,
2R4d6VSmUIrT7Ewp,动力,0,
2RiwI7YfACXp3094,价格,0,
2RpguLf3rM8dsliP,价格,0,
2rSVHChAxW68amsf,配置,0,
2t0TxgfnZEOmWprh,操控,0,
2uLOHnhE9IBebqmt,配置,0,
2vxTrNlJpOiR68Y0,价格,0,
2Wygd0tjvE4KzIcX,动力,0,
2xfszA0kaCNoSyBm,内饰,0,
2y8lfrJqpsKDHAIv,动力,0,
2yXFUC73mrzZNcOg,外观,0,
2Z0EdPaSK3CBfNxn,动力,0,
2zKxtGpXQ8Rj1fq6,安全性,0,
2zv0uHRgWOJlwMU6,舒适性,0,
30y5YwctKi67oVPx,舒适性,0,
34ZmXx2FUJvlq9sw,动力,0,
34ZmXx2FUJvlq9sw,操控,0,
3AjGH21zsbULCrfY,动力,0,
3BnjVOpPxEDifwWX,舒适性,0,
3cir2QENRKYHP7lh,价格,0,
3CqUE7YejPir8Q5R,安全性,0,
3DeEYXjZ4kSnTcgN,动力,0,
3Ia5jSb8YGLmHcRM,操控,0,
3iwoIFd40qa6gL2C,价格,0,
3izf14LrOXENZ0oq,油耗,0,
3khFvjR1T5c0JYiz,内饰,0,
3KJtCHr7FBT4QicW,动力,0,
3KJtCHr7FBT4QicW,油耗,0,
3knX4jPwYobfINyt,价格,0,
3ks0g29pfmleDLCM,操控,0,
3MUnVxBgrpACibu6,舒适性,0,
3mx8sGnaFXHRuyJ1,价格,0,
3NhbUuHVIMT8Bn0G,动力,0,
3o2NpcuQXmYRAtiM,价格,0,
3oieAkKgJqSuN4FD,安全性,0,
3OMkZftxL7eP0sal,舒适性,0,
3PFMipY58XBxkbTz,动力,0,
3PmUtOoX1gWzcQls,价格,0,
3qwLtDRmbYQjdo2Z,价格,0,
3ScMm5EIxqvaLFoR,油耗,0,
3ScMm5EIxqvaLFoR,舒适性,0,
3Sd8RqFJ9AWUegEz,动力,0,
3T0nlua8zKrYfJkS,外观,0,
3T1kt2VzxdEMKBP9,价格,0,
3UorZFbcVqYBINzC,油耗,0,
3ZbvpDxzf2sLtuGS,价格,0,
3zRnIiYMks1mAqQW,动力,0,
41eNytp265rMwURB,安全性,0,
43ECkLtdMJix2Qqr,油耗,0,
43tBqOFe5pnRJzYa,油耗,0,
459SqGuHIRB01lfZ,动力,0,
459SqGuHIRB01lfZ,安全性,0,
46g2h81A0iHdXVec,操控,0,
46MLinC7oydImAvW,动力,0,
48VTs1tk2MiZaYzO,价格,0,
48z5cVlk6ZWgRBEC,油耗,0,
48z5cVlk6ZWgRBEC,舒适性,0,
49QO2PvCuqBXlNm8,外观,0,
49QO2PvCuqBXlNm8,舒适性,0,
4AsOEboI5MDzCnNi,操控,0,
4AsOEboI5MDzCnNi,油耗,0,
4AsOEboI5MDzCnNi,舒适性,0,
4CfAHREP6kLViwFv,外观,0,
4cvVJBESDHTtI36w,价格,0,
4dK6PbtN2Jy8Q9h7,油耗,0,
4DYd1iOjm0oSpxAw,动力,0,
4DYd1iOjm0oSpxAw,油耗,0,
4E89KD7gJiHqnTlh,动力,0,
4EAzQ5fsvxLb9NU2,动力,0,
4EAzQ5fsvxLb9NU2,操控,0,
4Edoe7gf9r6LnvVa,操控,0,
4F0A5wNBjgcPe8yV,价格,0,
4fHtuZJCXYdhlFVm,安全性,0,
4FVSX6WxIHC9T1UB,动力,0,
4fwWyYn2VSGZMtP3,操控,0,
4g0atrv2DRVYoAbX,安全性,0,
4gQzHJslw2IaT0fj,价格,0,
4GtwAy9VoSdC1nfI,操控,0,
4HDxLrP1ZczkA0pm,油耗,0,
4HG21KA0fZ3YwICx,操控,0,
4HiuD8M0I1ocRf2S,动力,0,
4HUeVy0np6h3zRxF,内饰,0,
4HUeVy0np6h3zRxF,动力,0,
4IaeJtysbVYSuPxE,油耗,0,
4IFe7cSHyhAUYDNa,操控,0,
4JY13N7dOhtQ9RwS,油耗,0,
4k3tieWlLmIREGnc,动力,0,
4lgW2bI6VZhocyQJ,内饰,0,
4LWtTjkh5yrq0Jpf,安全性,0,
4m6eQ5x1t7GYjPN0,安全性,0,
4m6eQ5x1t7GYjPN0,空间,0,
4M6mNHPQekDvbptV,动力,0,
4MXdqTW3CZt9D5Un,动力,0,
4NxrYhDPQgiMsvGA,油耗,0,
4OQTzh9fl8UtSXD6,价格,0,
4p3sNjknCaxIr7Dq,动力,0,
4p3sNjknCaxIr7Dq,油耗,0,
4PwzKmMobHRDs5tB,动力,0,
4PwzKmMobHRDs5tB,油耗,0,
4R7v9W6KAlHjESwk,动力,0,
4RVkp9T1vbwXCsfx,油耗,0,
4soFa9L1QAYwVndf,价格,0,
4SvW5z09YxAUDcgd,空间,0,
4uqtBNeIW192y6vx,动力,0,
4uS8QryXBUawDcg6,舒适性,0,
4VP7a2mh6D3XcCL1,动力,0,
4y9QBvba8NG1nImJ,动力,0,
4y9QBvba8NG1nImJ,操控,0,
4YDzrFcZdyMnwSBt,油耗,0,
4ymlGnAZ0zKUXadS,价格,0,
4z5lDrFvm30f6qGk,舒适性,0,
4zEfxWMd0jVAcbTS,油耗,0,
4zYov3y16dDnTiFU,安全性,0,
50S4C7pzuKaWctdG,价格,0,
57u21nvchePbGKEy,油耗,0,
5AfBLghIkQqWeXbG,价格,0,
5aLpYW4eOu28wXV1,动力,0,
5aLpYW4eOu28wXV1,操控,0,
5BpobZA6VjnmyLEI,配置,0,
5CToUfp48us1Mc9z,油耗,0,
5euFG8IjPlKJVYNt,动力,0,
5GALxB0cmZ8pkMgs,配置,0,
5gZRvF7r1sCnxi6S,油耗,0,
5HmfocLnRZCkiyYu,操控,0,
5HmRBYaT9ZqApoi6,油耗,0,
5hOKZlLqyXkAcRnx,价格,0,
5hOKZlLqyXkAcRnx,配置,0,
5HrMYVT9X4f0qoSk,外观,0,
5ib4SYvR2FKUGaxC,操控,0,
5iu4wQkAB6TEhYUa,动力,0,
5J0bl1Qz3UGk2tda,价格,0,
5j2EQieO1NwMJm30,动力,0,
5JH7EyxlfhzKV2ts,油耗,0,
5JOC0X3EVDl2QiTt,价格,0,
5JVOtZAaNHzepM9E,动力,0,
5LlbWQ3gV8OmMpZA,价格,0,
5lVQw2qxZ8jSzHOA,动力,0,
5m8qpWEe4MJ91khU,动力,0,
5mFxldXzJ3yViTMZ,动力,0,
5mFxldXzJ3yViTMZ,空间,0,
5MQGd62eiTfzcZ4Y,价格,0,
5MQGd62eiTfzcZ4Y,动力,0,
5mSq8s3B9KQJ2rU1,价格,0,
5NSDcVQFsH0gYfu2,价格,0,
5OnA2CYcuDi97QXy,动力,0,
5OuJwTDEbhPQXsVd,价格,0,
5pg1QZAXaSYf8R7W,价格,0,
5qgWvjE0eFGixOBd,油耗,0,
5vK4NwID8nk6YFTE,动力,0,
5vlPLnVmc2N1R8kj,油耗,0,
5Vw9YWlqvpEbGOAJ,操控,0,
5XeSM7fP2031Eulx,油耗,0,
5Zakj4TDEnQlGx8s,舒适性,0,
60efGsWEIovKlryX,外观,0,
62sQWPTeBkg1xVRb,操控,0,
63h4gAi9FBpNsRVa,外观,0,
67DTu0RotiWjxlNL,操控,0,
69y0XPjCS2stYaGp,动力,0,
6amUCgNLMsArF9wQ,安全性,0,
6ct3pL1JOEMoRhsU,动力,0,
6DamWvyBdIQ08GXb,内饰,0,
6dcWpFIZTkUAo7iD,动力,0,
6fcmSWe4PADnHtC9,空间,0,
6fhUj0IQYdxzOs3H,价格,0,
6fzMXoFPDSmA2IJE,动力,0,
6gn5PQHoqLklrtde,操控,0,
6GwWLY2tHaTyFkvc,舒适性,0,
6he8MRfxsKvuJB5O,安全性,0,
6hRudOSyMmNPqC7g,内饰,0,
6hwIrAy2t3COvJPb,空间,0,
6iJFqmouRMTEKetS,动力,0,
6IS9dU2DjXiy1Lap,舒适性,0,
6jfyrSUHvhFIEXTw,配置,0,
6KAEeR50NHCkzTpd,动力,0,
6kb0ugUnx21EcRPO,内饰,0,
6kb0ugUnx21EcRPO,安全性,0,
6kQosp7JMF8ldnt2,动力,0,
6kVpj1gEBvbLRGd4,动力,0,
6LDqH9ebQCNaBgYE,价格,0,
6M3jNxtA8XIeo5YV,动力,0,
6M82aRsBQKULt7TY,安全性,0,
6M82aRsBQKULt7TY,操控,0,
6nKVmXyjiAvMeYIf,舒适性,0,
6NVSl0ok8ma1uBCE,价格,0,
6omjpEvQXhJDKW3B,安全性,0,
6PhEJgRrDZWblIxp,动力,0,
6PoKInQfBtbXRslJ,油耗,0,
6qH7cK0mvGY2DjRp,动力,0,
6QKjbO4Dp3Pgxn7Z,操控,0,
6QKjbO4Dp3Pgxn7Z,舒适性,0,
6R3epTcUXiAnVMBg,操控,0,
6rwSbs8ZWikGuIg0,舒适性,0,
6SYfJ9q3CVh5EvIw,价格,0,
6SYfJ9q3CVh5EvIw,动力,0,
6ubcBdQpT873Pyri,动力,0,
6ubcBdQpT873Pyri,操控,0,
6uzO9G1b7VyhpErx,空间,0,
6XO30FYcSsUkqlJr,动力,0,
6YBTaxQhCVGfXn7D,舒适性,0,
6YELeWCjrt4JGVg1,操控,0,
71MPHXbFQ8E6LjSv,动力,0,
72KDtdz3jT0vJHY9,油耗,0,
734Ltgdz1vQw8amW,动力,0,
73gPHr2Tn84CEmLN,空间,0,
73gPHr2Tn84CEmLN,舒适性,0,
74aTedNSr0pBPAfV,油耗,0,
754wfNV8LAd91gZr,油耗,0,
75N31EO0cSJIpv6L,价格,0,
7ASkpKD4NdTw9z2l,动力,0,
7aYzEnJF4owb0cQv,油耗,0,
7BUixTPygNuvq1SL,内饰,0,
7BxeU5u64EpW3TgA,价格,0,
7bzSDjtBfsHpvUqC,油耗,0,
7cxHaM23opgfe9tS,油耗,0,
7DNxiEntg3hdSMZI,动力,0,
7DpFxjkYZeocMwPv,动力,0,
7eBVd6aL9TUlHn3r,价格,0,
7eRYjaVJUQm2Co5c,油耗,0,
7g0lnb5XkOczRqhL,操控,0,
7h4BHPfO9SqWiTJC,舒适性,0,
7ibw6ovrBzEZJtqY,内饰,0,
7ibw6ovrBzEZJtqY,操控,0,
7iOoGH0xEcQmzWpu,配置,0,
7isgQaGO9ACURy0v,舒适性,0,
7IY2rsRyBgqKvGFj,价格,0,
7j6YBc0fyusDI8KU,外观,0,
7k1AMGwgSZlend4F,价格,0,
7ksdqJ4XuQnZYzpw,配置,0,
7lTBOqwXjayP1nbx,外观,0,
7Mf6dVa1GPHNWSkY,动力,0,
7ml4zunqjcpGf89O,动力,0,
7NgolmePcr6dMba1,操控,0,
7Nj3ascquWGhQloI,空间,0,
7NYmWyinUKMzOHXd,价格,0,
7NYmWyinUKMzOHXd,配置,0,
7O68qx04WIfF5aMG,动力,0,
7oSxlzEO6Bfm5JpK,安全性,0,
7ouqVNPLel9Bn0rE,油耗,0,
7PAtzCKiTD8gGRwl,价格,0,
7qS9X3ImHAuxsOnt,动力,0,
7QXjGzmfOKFBYyx2,安全性,0,
7rKdXpSsmgLEV8cz,操控,0,
7RUAwkm5WprK6aCF,内饰,0,
7TASDtr86XozshHe,动力,0,
7ThPfsVc01HAR2O5,外观,0,
7UPozri6j3wVaBvT,舒适性,0,
7x3db9OarzVUls1e,舒适性,0,
7xaqJjg83KkSde6Z,动力,0,
7Xd6ODlQtM4Ca25b,动力,0,
7xyRmbVrGSlq3dFJ,价格,0,
7yPmdkYWTXu3Eslo,空间,0,
80aAz2fmjUC9b6nq,价格,0,
80fp1ROaDlSwyNo9,动力,0,
81dLUqX7xVb0AzuF,动力,0,
81GkUdBvOXgxVuAe,动力,0,
81GkUdBvOXgxVuAe,操控,0,
81nabSMsgr0TlRhd,油耗,0,
890ioAWTtGXQNYnd,油耗,0,
89qMnpmQG2ObUKJ3,配置,0,
8A5UImpJleMO3Nc1,价格,0,
8aHzJcfI4ovAVRXC,价格,0,
8bLMUwBVAYXI2qrs,动力,0,
8bLMUwBVAYXI2qrs,空间,0,
8DQeZ6By7sYA3nho,配置,0,
8DYkvAUhmzOnTZLR,动力,0,
8DYkvAUhmzOnTZLR,油耗,0,
8E6C7lFsmHp3gZ54,内饰,0,
8E6C7lFsmHp3gZ54,舒适性,0,
8FBxruph6GOlsKgS,动力,0,
8fJsHPgivdoEQGu4,价格,0,
8fJsHPgivdoEQGu4,油耗,0,
8fNCjoqTbQrnLURM,动力,0,
8fNCjoqTbQrnLURM,安全性,0,
8gUCf3TWkXZF5VJo,安全性,0,
8hqoDKFSvb5n6UiA,配置,0,
8ibXMSeau3o2hz7R,内饰,0,
8iHATC6nhueJU3ZM,安全性,0,
8iJGTRVEqeC06hfc,价格,0,
8jryCM0WmRKauEIg,动力,0,
8kA7dE45VX1BowaQ,价格,0,
8l0iSequsjOJwgtm,价格,0,
8L5DvkaSKl0VFjmf,内饰,0,
8lkbyH2OiTmPXCDM,操控,0,
8mMDuKqF9B6w4Raj,动力,0,
8NHo9CSImt1Zwlsd,价格,0,
8NHo9CSImt1Zwlsd,动力,0,
8OqFWcVranRekdAD,油耗,0,
8pW4HISGwLM1EcFy,配置,0,
8qoTwRhB57YlDpVu,动力,0,
8qwipbhUyCcX3xDW,动力,0,
8RjOhpYsDuILAXle,外观,0,
8scRIKy1CEgZ9SFe,价格,0,
8TeIZtDOywkz1qP0,价格,0,
8u4mDycCFj1nAt6Q,动力,0,
8u4UiNZVTf6b5OKz,动力,0,
8UEexcWDo02q1BnA,动力,0,
8UEexcWDo02q1BnA,安全性,0,
8UlBWwps0KrtJRuG,油耗,0,
8uVTNOiMv4lp3Qm1,动力,0,
8WJ4z1h5xIesLVHw,舒适性,0,
8WwseiFnbhGgxEKu,油耗,0,
8X3dQUtViDNokluW,动力,0,
8X5uzN0jGDBSkPEY,安全性,0,
8XMirjCWZL9bSEKJ,动力,0,
8XMirjCWZL9bSEKJ,油耗,0,
8xS1MJibF3Nm5gdQ,空间,0,
8ymfBCIaVgSRGj2W,操控,0,
8ymTzNKfk2ebwopr,油耗,0,
8YQySimZcgrItXhe,配置,0,
97CRaDVOWcBNPKsg,动力,0,
97e6uwWsX1njF4yc,安全性,0,
98suVJvpCF3GQq2M,安全性,0,
9B56oZVyrUks32aI,操控,0,
9bgvw63m8curazxY,动力,0,
9C7WgpBxYkOqjHtV,配置,0,
9cdxXOjRv35CeQ12,动力,0,
9cdxXOjRv35CeQ12,空间,0,
9CKRDoS2vYOFXmqU,油耗,0,
9F7LIHXq2uie5Gdm,操控,0,
9fKnqgZ6vtlAGDiW,操控,0,
9G40DqJAjpHIwWrF,动力,0,
9HuONIVzD2hGFncl,舒适性,0,
9I4JHbgYtB1Uwa7q,价格,0,
9JhY2IWRF85DPL6M,油耗,0,
9KuQ8xDJNanEl3Zq,动力,0,
9KuQ8xDJNanEl3Zq,油耗,0,
9la5nqjubdtUKhIE,安全性,0,
9mFMyXiC8P7jslwn,舒适性,0,
9mkUBnW8Li7Fpxle,安全性,0,
9nJS1wzUjr3ICBaF,价格,0,
9nsDKeTcdvrWqGYt,舒适性,0,
9nVIu6DzwNXfR7Jd,动力,0,
9P1sLyVXxAMhUjnT,动力,0,
9qJEXcilonutVTaN,舒适性,0,
9QystYWmPanjVhzd,内饰,0,
9QystYWmPanjVhzd,动力,0,
9r53MUlctJesdIXo,安全性,0,
9SRXiIG1AJQMk6UO,价格,0,
9SRXiIG1AJQMk6UO,动力,0,
9sSN0xrbQTnqw3Vl,动力,0,
9tH1uhs4Ui6xYfAX,配置,0,
9UCKZe36r5b4nwkL,动力,0,
9uHaqdJs3tYkyGix,价格,0,
9UMe8D7061vqo24H,价格,0,
9UMe8D7061vqo24H,空间,0,
9VdKqTBZlAQbx1mj,油耗,0,
9vnofIPHFJNGZw0d,动力,0,
9Vvs1dTEx8MLwp53,动力,0,
9VXJA7dyohHjPvKg,动力,0,
9xNK0seQjFhfELPJ,价格,0,
9xZjno6RUq5ObgKu,动力,0,
9zuCX2YOxby0ZMlj,价格,0,
A0undb17JUNszFrI,价格,0,
a1qro05gV8PDZAHB,价格,0,
a2bi9B70HzmnyWQU,操控,0,
a3eByoWgG1dpMjnZ,动力,0,
A4a6SwpiWnVBHjMh,油耗,0,
A4ovue5aBhPYKt71,动力,0,
A4ovue5aBhPYKt71,操控,0,
A4UsYFuNdmV72q5L,价格,0,
A4W5hnvPyTXpYO7F,动力,0,
A54jc8EZufrVI09K,空间,0,
A54jc8EZufrVI09K,配置,0,
A65PMLOYGVmWXUsJ,安全性,0,
A6k74eDxm5ngfK9a,安全性,0,
a7cPtF5J3OhLpr6n,动力,0,
A7d1FveLVojr9pNH,油耗,0,
A7W8EznxMFmtNiqS,舒适性,0,
a8fyu9LHw4XPpq0O,内饰,0,
a8i6MApenTx2L1jc,内饰,0,
A8Pf6dVFQKehiqBT,配置,0,
a9N8b0LISsiEl5Vr,价格,0,
a9oel6HpCBZEvXkx,价格,0,
Aa5S4Upq3WJLrftk,外观,0,
Aa5S4Upq3WJLrftk,空间,0,
AaKoQirbezlwyNPR,油耗,0,
aAo43IhDTmPQFMbX,动力,0,
Abho532TRJEPnY1w,动力,0,
Abho532TRJEPnY1w,操控,0,
abiIsJ4UBQAp7N52,动力,0,
aboiuf5SMAdlQ8Kg,油耗,0,
aBXyWQnEHfJ2YsTe,价格,0,
acAXhdlWjGEvJq6i,配置,0,
acGdBT1UHf9AKNn6,动力,0,
ACMklLYr5U2zaO6J,价格,0,
ACqLWMiF3ontsNT7,内饰,0,
acUZGuQkiPX71pEr,动力,0,
acwgtYSBoLURr5s2,价格,0,
ad8POzmxGwsijYtJ,油耗,0,
adAthwI8yu6UMZrY,动力,0,
AdfU46ltONGMagK7,舒适性,0,
aED2BdcbJrfQ6zTi,动力,0,
AeJIBdW4lfhH7wmv,动力,0,
aeqKsjLtMbHR8V6G,价格,0,
AF25ohRvSq8Vw60j,配置,0,
af6soreQCKZGg9HW,动力,0,
AfmpaIvTNc5Jg41r,配置,0,
aGPL4u6SgRl7IJ1x,安全性,0,
AGyw28NRhstmOaln,动力,0,
AGyw28NRhstmOaln,操控,0,
AGZ17XukVTIr5yOi,价格,0,
AGzcpmenXQBVSoHO,配置,0,
Ah2SKQLEXMxm4T5k,价格,0,
ahkRsKfcY68riq0O,价格,0,
AHnhCswq643mtKvS,价格,0,
ahtlKQNRY563Is9f,安全性,0,
ahtlKQNRY563Is9f,舒适性,0,
aHZ2Uq4rdfDV6ykS,价格,0,
ahZxjX1Ge97fgcvF,配置,0,
AiCS8vIgmQE9lcLf,操控,0,
aIfpNCgoin3FRM42,内饰,0,
aIfpNCgoin3FRM42,舒适性,0,
aISzW1LPCqkvRbZu,操控,0,
aIWvRE1k8H4MrYAm,外观,0,
AJtD2ZwV3xIXnWSl,动力,0,
aJVohYAuDlsUd7Kp,动力,0,
aJzVQ3M62mtBki5l,安全性,0,
AkEZgmLw2DRC9B7P,动力,0,
AkEZgmLw2DRC9B7P,油耗,0,
aKsPTUEyGkgZd5qL,空间,0,
aKsPTUEyGkgZd5qL,舒适性,0,
AlaPQBIHE0VoG84x,动力,0,
aLHDjl0i9G1oQgq7,价格,0,
Am9nNViZ6qvKce7O,动力,0,
AMgtfKZTB8YasGSW,动力,0,
aMIEs3oQ1fdJAzNH,内饰,0,
ANi8nO1mqCpRMsYX,内饰,0,
AnmySN6QX8OtKlD1,价格,0,
ANmyZ03VeSDn2qM7,动力,0,
ANmyZ03VeSDn2qM7,操控,0,
anwceCgYr69vzxms,外观,0,
AoJOV9K5yRFmeUbf,安全性,0,
AoM2PnzBl9L7Ysc4,空间,0,
aoRyKdTG7UXsD9WZ,安全性,0,
Ap3JXkSv1ePfiUby,动力,0,
aPdhg3vHyNkFZ8qr,动力,0,
aPdhg3vHyNkFZ8qr,操控,0,
aPdhg3vHyNkFZ8qr,油耗,0,
aPdhg3vHyNkFZ8qr,空间,0,
APDL7znyHlF5iYwM,动力,0,
APIlmJbqGtz31Oyx,外观,0,
APLVHnO9cmYhJ5ej,油耗,0,
AQTpn2yluKJmrNHh,舒适性,0,
aQWkXSRFZTwoesEl,价格,0,
aRj9rhkzVqCFIN7E,舒适性,0,
ARsTax5igJWtkdqC,油耗,0,
aRtS7QEJiMDG6Ocg,内饰,0,
ARZJ6GHOl9rgxjd7,外观,0,
asdRAznx4POq3SMj,舒适性,0,
AslQjGOZghvf8KC1,安全性,0,
AsQ0eoLvfbri5FEw,操控,0,
aT8GxbfBhmIWpnOg,价格,0,
ATvJX4BxPD53KVEf,舒适性,0,
AtzgXE2i7HC0mU41,价格,0,
aug7MONQUBGPJHoR,动力,0,
AuKxXwRz5QteBh9M,价格,0,
AuN2ULg98fzqdjPT,动力,0,
auqQBeNUmXZxV1jf,价格,0,
auZAf4OGskg1oChD,动力,0,
auZAf4OGskg1oChD,操控,0,
auzMfe3bDXEFZdS8,配置,0,
aVPJYL360fxFSbUW,价格,0,
axAbM1ywFV3cDK9R,动力,0,
AxKZBQ4FHhuo0cEz,价格,0,
axlj6DoWJp45dVtg,动力,0,
aXwEknvx6DLWQqzU,安全性,0,
aXwEknvx6DLWQqzU,油耗,0,
axWvmD32hZBEgkOn,动力,0,
axy6l7obtLsEBXNJ,舒适性,0,
AxyKVntNhcWrzRDo,动力,0,
aYDlrGfMoU5s9Wnd,外观,0,
AYWj2FnmyB9pD3P7,操控,0,
aZ4Hc8vhyQVO5fg3,内饰,0,
aZ4Hc8vhyQVO5fg3,外观,0,
aZ4Hc8vhyQVO5fg3,操控,0,
AZ8ve7PXjc5UJBzy,舒适性,0,
aZQCbsDX0PNM1fd9,价格,0,
b0oFnUW2HcrBGIPT,安全性,0,
B1jauJgOHoQLhUiK,动力,0,
b4d3mGieVcYhxjLZ,油耗,0,
b4NznFOpWsxDGu7S,油耗,0,
b6cJQN59OVFT2SK1,操控,0,
b6cJQN59OVFT2SK1,油耗,0,
B6ifRyHV3kmUbC1r,油耗,0,
b6yjZ9iJvuB1xXR0,动力,0,
b87P24hn5iY0zWUZ,舒适性,0,
b8JxgPovDzqKpIEL,价格,0,
b9eD5x06qYvrNiI1,价格,0,
B9JocMkPIuHdLxCQ,价格,0,
bA4DrFVNmt7O09v6,动力,0,
Ba8IASwgMKQ5HzUJ,油耗,0,
Baw2jqT6CgDndXW1,动力,0,
Baw2jqT6CgDndXW1,空间,0,
baWq0IFdrUTAvzLf,舒适性,0,
bd5fjPcwo037E9LO,配置,0,
bDCzv1GTX6ZrWJwg,动力,0,
bDgcrvlzWUGHK1o5,内饰,0,
bDgcrvlzWUGHK1o5,外观,0,
BDnxjHWwYhqVz95R,操控,0,
be4jkQtGmSErcF8l,安全性,0,
be4jkQtGmSErcF8l,配置,0,
be8Q6gCmR1J3VUA5,空间,0,
be8Q6gCmR1J3VUA5,舒适性,0,
BeRHFtUd2ohubZfk,动力,0,
BeRHFtUd2ohubZfk,安全性,0,
Bf4M2t09kjDcFseH,价格,0,
bF6ynxOStEuHv2ZM,价格,0,
bFgySBoOCQJKcfj0,动力,0,
bFmYWkywpgqZ5hVA,油耗,0,
bFvPsLo1lcz0eKZX,价格,0,
BG28piC6VumLfblg,内饰,0,
Bg6ZIXArRWYltMEO,配置,0,
BGOJbt2CEyDcp1ji,动力,0,
bgvPX9rFTkm0nfu6,安全性,0,
bH5zxq7kLaoFAy9n,配置,0,
BhJZ70YUAFpjx8c6,价格,0,
bhKf0HJtpY9r7nXu,价格,0,
BHkO0rsqKtagGImZ,动力,0,
BhrYSTA0MweQf3PI,动力,0,
bhuAnxYkaL2iTNEX,舒适性,0,
bJg3IAwQDzk8PaWv,油耗,0,
BJiPoa4F2s6qgnDH,外观,0,
bjVg16u0Iq7MPQaY,操控,0,
BjwQP0he9ydCsuXi,动力,0,
BjwQP0he9ydCsuXi,操控,0,
BjwQP0he9ydCsuXi,油耗,0,
BjwQP0he9ydCsuXi,空间,0,
bjZEP0GJ1SXogOpH,动力,0,
BK5OvskNqA4p7Fdu,安全性,0,
BK5OvskNqA4p7Fdu,空间,0,
bK6oGgYAtcIuD0EO,舒适性,0,
BKYIOvs580nDNZbH,安全性,0,
BLNctwqIY2ru60pj,油耗,0,
BLwMoFgPYWzaAThH,动力,0,
BLwMoFgPYWzaAThH,油耗,0,
BM1HZ3K7gJSs5XrP,操控,0,
Bme3tCPHlIw0gdhD,安全性,0,
BmWtJ9fFDbrcEe1k,动力,0,
BmXI5by0eLYESJVi,动力,0,
BnCmjQbiYfps6MGw,价格,0,
bNFhzelO5LHmt3Qa,动力,0,
BnkFvSWmliIgyZeK,油耗,0,
bO5fvC2UAw7hEpLR,价格,0,
bOIyGQNCejJLU2B9,动力,0,
BOkoUDJtbKfqGyrg,动力,0,
BPg8ta1LWmuoviJl,价格,0,
bptiyY1uRv3Sq9gC,动力,0,
BQH1JYE2KCV83MxD,价格,0,
bql6IetF5OVgkKyx,动力,0,
bqQrZjn64uo0WBFp,舒适性,0,
BrcmKpoT6hwjsWMQ,安全性,0,
BRcNk1A7hgv6zaQP,价格,0,
BRcNk1A7hgv6zaQP,内饰,0,
bRhJMjPHN7wsOo25,动力,0,
brTRNsYv7l8X3ij9,动力,0,
BRWXwtMvYS5Hn1bF,动力,0,
bS5k8NAow6EtdVum,动力,0,
BTlMicvr79XbuINO,操控,0,
BTlXeFj10mukGrSV,油耗,0,
bTpYijHRPVv8QkgU,价格,0,
BUEIc9V2q0SoJ6hz,操控,0,
bUlvD6QcFtkwmYud,动力,0,
bUQjFKfYRlAWwCZ2,动力,0,
burpOXAgkmqn6YRD,舒适性,0,
Bv2kjyTiIU7HcGAr,安全性,0,
BVQY4vGeNLPSaAzg,安全性,0,
BW7OfzMdgJNP6Ha2,动力,0,
bwtlHh4KaXgurcOP,操控,0,
bWXFyKsqvCl7POzf,安全性,0,
BxO6nuWRwgGtaNXy,动力,0,
bXQzjqK1ZfB5vNIP,动力,0,
bXQzjqK1ZfB5vNIP,舒适性,0,
BXU94VGcxqRiY1nN,配置,0,
BxY1ZuFhzEa4kKQw,动力,0,
BxY1ZuFhzEa4kKQw,油耗,0,
By8qQ1XTJYbcLjmu,舒适性,0,
ByO6ZNd3Lkws2Mp8,内饰,0,
BYXLNKnEGboik5Mz,价格,0,
BzEVmtK3uDLsdwxU,价格,0,
BZlctyLNPr7xemkE,动力,0,
C0YotMfRuWwniNFr,内饰,0,
C0YPi8ojgTyKlOzZ,动力,0,
C0YPi8ojgTyKlOzZ,油耗,0,
C0YPi8ojgTyKlOzZ,配置,0,
C1OMSVKFiJr3dukN,配置,0,
c2PaOJDv6fSkjxFh,操控,0,
c2qOtzkpDZUrHGn6,价格,0,
C2ypRXzS4lHnVg3Z,油耗,0,
C2ypRXzS4lHnVg3Z,舒适性,0,
c3qkpro7Eil1BWLZ,动力,0,
c3sjuM9hDWlG1aOp,油耗,0,
C4d7WZm5Gc6THLhn,配置,0,
C6PfGbZM1AzeTKmg,价格,0,
C6zRQy9cqtZADVBf,操控,0,
c7vOHd582B0QRqoa,舒适性,0,
cA1s8SkKehnqNYwP,动力,0,
CAxzrTMsiS1RHwIl,动力,0,
cAyxwXnhJDpvIHRQ,舒适性,0,
cB1f4MHJhnXyA0Pq,动力,0,
CBY1nQw5oEI2kvhH,动力,0,
CcxNHefgq4RKUZhz,外观,0,
CcXroptsMh9IyBHP,油耗,0,
cDr4B9xPHazAS1FE,动力,0,
cdUkINxlu3vQzabL,配置,0,
cE0DJMKAFPxW95w7,操控,0,
ceuAKYDN5HV0Cfdh,内饰,0,
CeVEdHw54FakSZDP,价格,0,
CeVEdHw54FakSZDP,配置,0,
CEXDOTze41V0xNra,动力,0,
CFE7p59Sn3UAKIxe,价格,0,
CFNhXBzuJZyY2qPa,配置,0,
Cg89HubjXzyiMcxv,动力,0,
CGB4fYz5btEig18r,内饰,0,
cgGQRoLIKMWU2f8i,动力,0,
cGQeLWmuzD9kvAol,动力,0,
cGRpgTXMxoWUDQhO,动力,0,
cGwPi8ayhWgNLtEC,动力,0,
chBL3uDQiAlomNr8,配置,0,
ChcUb0gikd8wplSE,安全性,0,
CHMrQBRyqoV0Y9wn,安全性,0,
cHQ02RdEGrJlhBy9,油耗,0,
CHrhBTi9OJoDx46j,舒适性,0,
CHWycDnewrGSjZ7A,价格,0,
CibfvqBA3MujGek4,操控,0,
cIRAGSMsYyle3O6i,动力,0,
cIRAGSMsYyle3O6i,操控,0,
CIuZ7NHj5mcewdyb,价格,0,
cIZ25OSXKoJsTY8f,油耗,0,
cJDSHFR7Q3ujgiN2,舒适性,0,
CjEZPnU7L43pWuzB,价格,0,
CJW0jw658UeINKPL,空间,0,
CJW0jw658UeINKPL,舒适性,0,
cKMVwLme3nXr879N,配置,0,
cKnOr4QlUmsC6bFv,价格,0,
cKWLizPUZ6xeRo29,动力,0,
clF7JmUWnobN6evQ,动力,0,
clF7JmUWnobN6evQ,油耗,0,
CLk2ScOo159zEuFe,动力,0,
ClPjOiSNt6Vs2hpr,动力,0,
ClTf94JmyZtLsonK,动力,0,
CLWIDuxgnX3FjNKf,舒适性,0,
cmFnpURoalY0gXb2,动力,0,
cmFnpURoalY0gXb2,舒适性,0,
CMGrAzEQF1lXJe6B,价格,0,
cmjyoEJ854Q2VPza,油耗,0,
CmMl41TyetIupf9D,配置,0,
CMvG8YHo0sAly4tO,动力,0,
cMvtyBS0xWq7XFLN,动力,0,
CNT6jwqXmnyAsYVG,油耗,0,
co9Tj6hFHtbwMr2m,动力,0,
CoP7Za52qORwVyNt,价格,0,
COQDFKUPmA8TSljV,动力,0,
COQDFKUPmA8TSljV,安全性,0,
CqQRErloTMB4UdPK,动力,0,
cqrxAWHYuTk38JCS,操控,0,
cqrxAWHYuTk38JCS,舒适性,0,
cQXPM4VbKRIxTqpW,动力,0,
cRIqTx0VgLZFHN9Q,动力,0,
Cs8cjTRYOfh3BW6o,操控,0,
cSI8OyX3KipF927D,价格,0,
cSvl6QxIdKaAtRCV,油耗,0,
cTdn2Cls4RWM76y1,操控,0,
cTf1YDsAxgpW9BC4,价格,0,
cVLzWQMTlfUmCobB,内饰,0,
cW8kf0j7dybnLxs4,安全性,0,
cWA5bgYuRGaLtjx4,安全性,0,
cWE3Vz61fvQYJjsh,动力,0,
cWotFhOH8aQ1gzqL,动力,0,
CWxno6FZGwh21E5Y,动力,0,
CwY4oMteLNxuzh5c,价格,0,
CwY4oMteLNxuzh5c,动力,0,
CwyMkNJuUAp0Z5Ho,外观,0,
CXoQDmIq6uelfpTF,动力,0,
cXVZUfk0e9MH2rp4,价格,0,
cXVZUfk0e9MH2rp4,动力,0,
cXyxqo9YWNUtRLiI,内饰,0,
cY0kRd6iIy4W7H5G,动力,0,
cyPiLjJWtTh7AaND,动力,0,
cyZTeAP8CWXt076F,配置,0,
CzJSqpIGah2Q8jVw,动力,0,
d0xTD3ZiQVYPrCSM,动力,0,
d1RBQ9KYz7oMNxUV,舒适性,0,
D2gRYKm9BCOpzJiw,内饰,0,
d2YbXG1CFMQHzrkl,油耗,0,
d35ilmkMxKfgBn0a,动力,0,
d3tyzMKZJ9S75nrV,价格,0,
D4A2VzOdJoSWNLjn,外观,0,
D4PbB0lzpckVWA53,油耗,0,
D4PbB0lzpckVWA53,舒适性,0,
D53sL1wEc2grO8vA,配置,0,
D5CLapcA9fvBJrky,舒适性,0,
D5CLapcA9fvBJrky,配置,0,
d5O8CRzgVfEpSekn,舒适性,0,
d6AHiIxe3VGaY1uk,舒适性,0,
d6bErZ1N4ymRGeiV,动力,0,
D6QFZ7izpsjP3uYC,空间,0,
D6tnpgqUv0cRurlO,安全性,0,
D8bA7V9kCtB2OyZj,动力,0,
D8imfLZ0p4F35EHc,价格,0,
d9D0B8RkG34zMrnq,油耗,0,
daJuNVWM59EvjU7C,价格,0,
daTsbClZ9F5SnztH,动力,0,
dBjPmcueIXgGr52V,舒适性,0,
Dc5JXLTfGal9obhj,油耗,0,
DCdj2HysoUFz4Xgn,空间,0,
dcUVkyHosKRXnfJ9,动力,0,
dD6l21S8PXgsIoMz,价格,0,
de2bxkPwM3BJDfYo,价格,0,
deH67mtu05KrfoXi,内饰,0,
dFJQhzKa6eqrTxyw,安全性,0,
dfR8F1hBwVNLuXK0,价格,0,
DHS1cF5Vp2YqEK3L,动力,0,
DhTfv5YxRmoMatdK,动力,0,
dHw732KYEI08ZDrJ,油耗,0,
DIlwxbzdJqMkhfOn,配置,0,
DivLYhBneZ2kF7aM,外观,0,
Diy9d8s4PLWTeSgR,价格,0,
dIZrK5p2TJgAexn4,空间,0,
dJPHrwgfE8zSoZeQ,价格,0,
djTn1pru8aRNt5oJ,动力,0,
DKA1sVbejcUYywHo,动力,0,
dkUBD8p0Cvehauqb,操控,0,
dla9hEN2IJnT8oRt,动力,0,
dlcopWAqbv2PUxs8,动力,0,
dLPXSfFmx3cqT9I0,动力,0,
dlxjvLJqPI9fzNKS,安全性,0,
DMfiJQmI0Aza8BjG,操控,0,
dMhjCD9EWaZfqrw6,舒适性,0,
dmVWh9FMDuxAwTC7,动力,0,
dMY7j3pOs869rKG0,动力,0,
DnVAh2q8LsT3aZM1,动力,0,
dnYLy1pbXFkPHoDN,价格,0,
dOfMIWcJZk89LP2G,价格,0,
DOXKQlvZ7nrFN1mt,油耗,0,
DpFwG73cIehtQYvj,价格,0,
dpNtRu6SAMiesH5r,价格,0,
dPwTSReLFpvNfG3O,动力,0,
DPznkGeIU8oW0VMN,动力,0,
Dq5bWPVzr4ZAcFOi,安全性,0,
dq9NIWTXGnyYDMjJ,动力,0,
dQlS0Re4UtXYGvhF,动力,0,
DR1Z05iJv2fHcuL6,动力,0,
DRCa0YVNKXhHytES,内饰,0,
DRCa0YVNKXhHytES,操控,0,
dReBbL24NyC6tU0h,动力,0,
dRl1W9qUwGQ4kMgB,安全性,0,
dRl1W9qUwGQ4kMgB,操控,0,
dSKk5JQ1fjNAlvst,安全性,0,
DSq0ln5RVTgu7QjL,价格,0,
DTihs8t1SnaB6yAe,舒适性,0,
dTOvsnKkVM784fFu,动力,0,
dU0nIYtKbzwsDGlp,油耗,0,
du6x2PeRFtIwDanS,价格,0,
DUeA9omyYEIkLKTW,配置,0,
dv9FMADiwfUBX2jG,动力,0,
dv9FMADiwfUBX2jG,安全性,0,
dVG2ueti6KNE3DxT,操控,0,
DVLR5yXjIfYAvcM8,空间,0,
dW8PVMm0zlEJ5TRg,外观,0,
dW8PVMm0zlEJ5TRg,配置,0,
DwelrWGAOojxg4VT,外观,0,
DXclES4mfdHI62zG,操控,0,
dxvF8tN0Aw6ZSpXE,安全性,0,
dXxOQq8Vbljy7Het,油耗,0,
DYIStdkmWAo4h7PO,动力,0,
dYkKDT3aM2qWcyPf,价格,0,
dyqPQAk9HIaegXx2,操控,0,
dYQqI7etu6pDXHlg,价格,0,
dyS4i2bB3gWVCDnK,外观,0,
dz6ZYsgkctXmhAoR,动力,0,
DZe4wjXztSdVE6W2,操控,0,
DZe4wjXztSdVE6W2,油耗,0,
DZQ3XqAgKW1PYRBJ,价格,0,
E1ngJbP8DrYAvhC6,内饰,0,
e1uJMSkqb7g2DFdW,内饰,0,
E2e1ZyvkFqQuwbJS,动力,0,
e3CEkD6wINq1xtpX,价格,0,
E3sT4LR29yPoBArU,安全性,0,
E5aHcqGvfb41en67,配置,0,
e5f1ondhBW2yuYg3,内饰,0,
E6nuLJ1OZyMF9ls2,操控,0,
E6nuLJ1OZyMF9ls2,油耗,0,
E7b13pDcNQtZPjWH,动力,0,
e7n6h25YQf9WgXis,油耗,0,
e7xyBfku02naAlIj,安全性,0,
e9lYWZUPq5vfH7y8,外观,0,
e9UEP8JIrgXlkMBd,动力,0,
EAUqCMIxsSzBmXTi,操控,0,
Eav2eilXz0wrJFcZ,安全性,0,
eBskdGSPQVCFgcDW,舒适性,0,
eciwTMtKWNEGAfl0,价格,0,
ECJqzYnmI5ROUspb,内饰,0,
ECN6qvmMe1hkdBZl,价格,0,
ecxZXvYGMQn0BUDV,动力,0,
Ed7953xiNtApo8cL,外观,0,
Ed7953xiNtApo8cL,配置,0,
EDrFIlgMO3ov1dUG,动力,0,
Ee6OPrL1hmUMRA3Q,动力,0,
EednVL2ASZv8NYsq,油耗,0,
eF3zN0jInPg4wm7M,价格,0,
EF56qP8kHrnmWSz9,空间,0,
eg2Fr3fs1GLYvKyX,操控,0,
eG8lCjmcXnvfNKsq,内饰,0,
eG8lCjmcXnvfNKsq,动力,0,
EgAuODCJeYq31GsU,油耗,0,
eGikIVw7L8tMmSrf,动力,0,
eH6xuKshFEXyWji8,外观,0,
eihmbkNMz3TfCHdY,舒适性,0,
eJaA9cQPKLhn25Yg,油耗,0,
EjCXTriS0FLwIkqW,安全性,0,
EjmFkCz8tW3dDv1K,配置,0,
eJUhKxP15Ib8Boki,操控,0,
eK23txZXCd4naq8z,油耗,0,
ekcQqL52IUXatwz6,安全性,0,
EkhAlujUNgLa8Vt3,动力,0,
EkhAlujUNgLa8Vt3,操控,0,
EkPYAO4Ht8KZBohx,空间,0,
EKUaTDWHfBv2MoLk,动力,0,
EKZrMShGdOte4cQu,价格,0,
eMfRjZTsoywFIQzn,舒适性,0,
EN39hHZ0IVnKiADB,舒适性,0,
En8Fc7mDtUirzuCP,价格,0,
eNfHOzjAL4CK6q9u,配置,0,
eNrlnpV7KIsgEB5R,动力,0,
EnTZAg8IGtU7Nc1Y,配置,0,
Eo2crDWT8RsevpFd,内饰,0,
Eo2crDWT8RsevpFd,外观,0,
eo3J1kYXM2gcmUP9,动力,0,
eOj3zgqZGY4D20UM,操控,0,
eoX58yi7uO0IRCJW,价格,0,
ePfojHcGKIEsdL07,油耗,0,
ePnpNDht5k1qJgyz,动力,0,
ePnpNDht5k1qJgyz,操控,0,
eqbk5s7hxBg6aPQX,油耗,0,
eR8fslKxrWU52NzT,动力,0,
ErA85vk3PopCRd2V,动力,0,
ErdRSxo6kLXZWNUy,动力,0,
ErdRSxo6kLXZWNUy,安全性,0,
ES35yFAp80qtuek4,价格,0,
ES9aJP5g3rKuZsNb,动力,0,
espfv69T0JQ2HqhG,动力,0,
espfv69T0JQ2HqhG,操控,0,
EsQZU9zq1WmYcvko,价格,0,
EsQZU9zq1WmYcvko,配置,0,
ESsdZt340HJIKybU,动力,0,
ESsdZt340HJIKybU,舒适性,0,
EtkecUPCR9OZJbLl,油耗,0,
ETvHcLB4ANFrUR9b,配置,0,
ETWdBC935n8lGq2K,动力,0,
ETWdBC935n8lGq2K,操控,0,
ETWdBC935n8lGq2K,舒适性,0,
EtxWkcX7OPbjS5Ks,外观,0,
Eu6qSbxjrdX1s3BL,动力,0,
EUlX2xj3NKZ8qo9J,动力,0,
euLXr7qwQd0BvA1K,动力,0,
euOQ6S0aAsYi8I4X,配置,0,
EvChZLOU4wlQDH52,动力,0,
EvCkGRPeH9SFQdVZ,动力,0,
EvCkGRPeH9SFQdVZ,舒适性,0,
evcyWf73qxnTjdrF,价格,0,
EVhWXifOQ1l75Sdv,配置,0,
evKR8WzjJ9hYf764,价格,0,
EvrTL5cgMhCzw4kP,配置,0,
EWekRN5mtvblJI9a,动力,0,
ewHPtkMfhqnQGciN,动力,0,
ewHPtkMfhqnQGciN,外观,0,
EWU2eqlLBG96Owd5,油耗,0,
EXekPLI54yQsNTJM,操控,0,
EXKqg0baHfrnQeMz,动力,0,
exz2irK9YZ1HW6NQ,动力,0,
exz2irK9YZ1HW6NQ,外观,0,
ey8Src139QVFg205,价格,0,
ey8Src139QVFg205,油耗,0,
ey8Src139QVFg205,配置,0,
EYPucgZsHhTwa06f,油耗,0,
EYWprzfI2kw1lOHS,动力,0,
EYWprzfI2kw1lOHS,安全性,0,
EYWprzfI2kw1lOHS,操控,0,
EYWprzfI2kw1lOHS,舒适性,0,
ezdXButMUv0oQnO4,油耗,0,
EzugnFCilPLtdseR,内饰,0,
f1GBhX0KdEm48sNO,外观,0,
f1XtFvDe9hRo6NkU,动力,0,
f3l5jFNLxJYIm2az,油耗,0,
f3nErO2dawz4JibA,动力,0,
f3Quykrma2nxLVEl,配置,0,
f49tkUyphEQFR0Zq,空间,0,
F4c9jnXDG6KYLwPm,内饰,0,
F4c9jnXDG6KYLwPm,动力,0,
F4c9jnXDG6KYLwPm,操控,0,
F4c9jnXDG6KYLwPm,空间,0,
F4VBM9aRKiqSzrnC,配置,0,
F5BailtXcSWNpKej,舒适性,0,
F61TVXRSM9xzQ2rk,油耗,0,
F6a8WJLQyIjHgOBp,内饰,0,
f7QxT64mHjXu8RWe,动力,0,
F82ChLAMOGKVSUEJ,油耗,0,
f8MOFb2nHt9WxqVC,动力,0,
f8q05GB9uONPQHiC,油耗,0,
F9ariEIpLhdQeXYm,动力,0,
F9MoCQUmG6xEXjtV,内饰,0,
F9XOCwQGqvMZI4c3,动力,0,
F9XOCwQGqvMZI4c3,油耗,0,
fA9WLGVrY751BaHZ,油耗,0,
fAlKPMuhLS5OaYzp,动力,0,
fAlKPMuhLS5OaYzp,配置,0,
fAM2KI4mO8l7zJDs,配置,0,
Fb0AJBEW9NMpYIlL,舒适性,0,
fb6Z7Hdng38rC4TY,价格,0,
FBcyVw81gkeru5PH,动力,0,
FBz89q7xuQgjHsle,动力,0,
fCIJVy7irt2Xp9WB,操控,0,
fcLkYHqCA5sFdjEB,内饰,0,
fcLkYHqCA5sFdjEB,外观,0,
FDLCJZuMBEem5sxI,动力,0,
FdPKwxMqiYOyjb9l,动力,0,
FdPKwxMqiYOyjb9l,空间,0,
FdPKwxMqiYOyjb9l,配置,0,
FdwVvPOKbYgtXDCu,配置,0,
felVgwHQIN0tEP7q,内饰,0,
FeXvmixEnVCSBWck,安全性,0,
fFjh0Pl2LQOpmaRx,动力,0,
FfwYi7rC96Sd3ebU,价格,0,
FfX4uNUYhOzoiwrJ,动力,0,
fG30jDQoC54TAO1m,动力,0,
FGigIYjSPXEWvs75,动力,0,
fGk08NiEuqH47xzs,内饰,0,
fHGtIdK7FYValMJn,配置,0,
fhMIEyLJ021u3YUo,配置,0,
fhVPLylGiaumWRKs,外观,0,
fHZ4bru0dTAPhGUR,内饰,0,
fHZ4bru0dTAPhGUR,舒适性,0,
fi2wznZVxGOrhKDI,价格,0,
FifnUlpm3ZA5QKOJ,动力,0,
FihGytuRdfsvNnUa,外观,0,
FihGytuRdfsvNnUa,配置,0,
Fj8kLuZV5B74fWYA,动力,0,
Fj8kLuZV5B74fWYA,舒适性,0,
fJYdqy2sxEFX8p4z,动力,0,
fJYdqy2sxEFX8p4z,外观,0,
fjYSNoQWwAzvRcPb,油耗,0,
FL9S081ngeMOJhZ2,安全性,0,
FLdXaJchbsz9tDHA,操控,0,
fLiQImMr6p7Db5sX,安全性,0,
fLrR8M2vWPna91eb,内饰,0,
fLrR8M2vWPna91eb,动力,0,
FLYkzVG8MbtmU4DX,舒适性,0,
fM9QLFsACGyVxtNp,舒适性,0,
fmg0JGhidTVMOuw3,动力,0,
FmlraR65QNE0SDXM,动力,0,
fnNAKjiIpXEwWS0a,舒适性,0,
fO1RLI7gAtySkT8P,价格,0,
FO6GpocLRlrtjkJT,动力,0,
fodVaquQkF0i7yjv,动力,0,
foFJ8ehYGlg3BSyb,外观,0,
FogVmukvwqYjdibl,安全性,0,
fomFHlDuzx5rQ2yw,动力,0,
fomFHlDuzx5rQ2yw,舒适性,0,
FOMgdKRuqXljT4Hw,动力,0,
FOMgdKRuqXljT4Hw,空间,0,
fpMFyqdmLKWtSjQX,操控,0,
fpMFyqdmLKWtSjQX,舒适性,0,
fpzAd6JC0E5neVLy,价格,0,
fq3eMpHFYd9UBm4X,动力,0,
Fq4byj6adGtkrYvE,动力,0,
FqfCGHW7Iig5D9Jm,油耗,0,
FQNPospXnjf8zL52,价格,0,
FqQIaw3fSyTVW2N5,价格,0,
fqzrQjtZDcxsGkVC,价格,0,
FrXKxE0mdAJeBzg6,配置,0,
FrxSyj1QuvidGmHO,内饰,0,
fRyg26LN1CHqhK9d,配置,0,
fsI5nLmt0UlF9EeQ,油耗,0,
FTAr6fOw5u1s7blY,配置,0,
FtgWC0EflKoX3jGe,安全性,0,
FtgWC0EflKoX3jGe,操控,0,
FTOdsMpE7tl3VgoJ,外观,0,
FtwULZXHMSQxEy3r,外观,0,
Fuynb7Zgo2GL6Iw5,操控,0,
FUYwMT8uiEs03r6l,油耗,0,
fuzgjtObqdSomJs9,油耗,0,
fVHNPUsqiKvW0mYD,价格,0,
FVX48gRQUZcY5JTt,动力,0,
fw51FMlk2PcRZVAH,油耗,0,
FW8cJbDXMvGzZL2O,舒适性,0,
fx0cB2oSYT5e38kN,动力,0,
Fx6EHP4RM7w9VnN3,配置,0,
Fxic5aWTeD9zqpL1,配置,0,
fYGy8MRjXUQSATJi,空间,0,
FZOt7wcxq8peEG6h,操控,0,
g0PqBCrWE4dk7Quh,空间,0,
g1xVy7lU6HtSLTzO,价格,0,
g2aBDHWVpLOqsRy5,配置,0,
g3wYxjZpSUmCtdG4,安全性,0,
G4qFAJEoMN6ptrf7,动力,0,
G4SCWuDK96YVoehZ,价格,0,
G5s2CWrFxeB0lqtE,动力,0,
g7KMSP153o8Al2z6,安全性,0,
G8QNPs9K2A6YMiSt,操控,0,
G8QNPs9K2A6YMiSt,舒适性,0,
g8rCAzqwJm2XZPDS,动力,0,
gaeM6iSD1sTRhcLX,动力,0,
GArnNYWXP2septdy,动力,0,
gaTCxesrj40hzfcX,外观,0,
GB3p8uLAy1zlXHqI,动力,0,
GbLRcXOfaPkhq45M,舒适性,0,
gbO9IMoeX3KN0tGr,空间,0,
GcM5vACVKTk7WaOL,油耗,0,
GCnsvoTUBgXV9h2A,舒适性,0,
gcU738KEOAnHCxGN,动力,0,
GD7I14WAtgvczXo5,空间,0,
Ge049i2rmgx3aSDp,油耗,0,
GE2qysAn3SwjaZhu,价格,0,
GE592SmcbyxenTdU,动力,0,
GebVvRUfwptmOuiB,价格,0,
GebVvRUfwptmOuiB,外观,0,
GFI6sVoPZij7xb1a,动力,0,
GFW1fbVTMpmYZuKz,配置,0,
gFWIzPhjmrHbet3a,舒适性,0,
GgXNKOb4ndqfA5Tz,动力,0,
GHbr5JC2jM3zYk80,外观,0,
gHE4yjZcK8xIu0t5,价格,0,
GHJ0Z2d8tozkpNOS,外观,0,
ghQz8slCputjn2N5,内饰,0,
Gi2ZP5lTzCKyY19w,价格,0,
GiHMPIy24KgfcVx9,动力,0,
GJRhi5QXxvr0ugt6,动力,0,
GK31YcFNxIAWSstP,动力,0,
gKHJ49Ctcdu5pWZL,外观,0,
GKpHWAngUzSqbIx9,配置,0,
gkVG2JqaCvKLXner,价格,0,
gLeTMFrjwBI9Gd4q,动力,0,
glMpYrICEqRd8VGP,动力,0,
GlNjP4CqL2o3IvSM,价格,0,
glXqA7QIPSB2HzUb,外观,0,
gm5rCN8pnblhZxRO,动力,0,
gmeRjYn1hUrCsTpA,动力,0,
Gmv984Ehaotq6TfH,油耗,0,
GmwUvQrZpFsfAX6y,油耗,0,
gMxse8KVHb0UIhql,动力,0,
GMxzvlLVKZNiSrAX,价格,0,
GN6KVh4WFfy18MIO,动力,0,
GNosMAyVj0PKZJaC,配置,0,
go2vAjOKUmNuG8VI,动力,0,
Go39VLteYhnSjIw5,价格,0,
gOK8adLrM4B30nqc,安全性,0,
gorMvl0T8b5i4FQj,价格,0,
goRpjzGca0A89yuU,动力,0,
goRpjzGca0A89yuU,安全性,0,
Gp1eIY5bTSKXuhjC,操控,0,
gpCrnZaRQFe0dHPw,操控,0,
gpCrnZaRQFe0dHPw,舒适性,0,
GPDgOdljHLo3uxBt,价格,0,
gQaOVfAMEJRB6UtG,价格,0,
gQaOVfAMEJRB6UtG,操控,0,
GqwT6lH9sQEd4yfb,动力,0,
GqwT6lH9sQEd4yfb,操控,0,
gQy7RwuhHa23PpAY,价格,0,
gROWUKnDLPNlEb2Y,价格,0,
gRv6pwoBEQqhmGsF,价格,0,
GS7cdAN1VM2pj8tF,安全性,0,
gS9vX6yqldLr7jN5,动力,0,
gS9vX6yqldLr7jN5,油耗,0,
gSyzKf562vQmojrE,动力,0,
GtBa6ZqhRQbckmMl,动力,0,
GtbuMxTBFQNmV2zn,内饰,0,
Gu4PYZ9MAo7wJTiD,价格,0,
GUABjvRWmKM2O8e3,油耗,0,
gudHQsBTfweWPRr3,操控,0,
guT0aqPVRU7NL28e,价格,0,
GutR1OdKYHfQXsTn,操控,0,
guyZLAjqxsCpQTKE,操控,0,
guyZLAjqxsCpQTKE,舒适性,0,
GV0FmhCLQE2ck6rJ,价格,0,
GvDtg6UnsEj34SM8,内饰,0,
GVHDt3OWcBFmza1N,外观,0,
GVsXUlrY0Z81KDMH,动力,0,
GvWB3yDu1wZNXz4k,油耗,0,
gYHryeVUqQ37jf0N,油耗,0,
Gymh6cAuP8eK0Bz7,舒适性,0,
gYTmcfb92trvzODh,动力,0,
gyTQR4PtanehKqp7,价格,0,
gyTQR4PtanehKqp7,配置,0,
GZ5rAC71QMp9Jc2O,价格,0,
GZDwMatmPfklbrjy,油耗,0,
Gzg7eVYRWvFPT5Hf,舒适性,0,
gzwmfT0uEKlO82ej,内饰,0,
H1bfGcuB5Sx6PnL9,操控,0,
h218RiQ7laxC6wOS,油耗,0,
H2PMNKF8utzhO9ZU,动力,0,
H3bBjXN1ZYfJe6vE,外观,0,
h41QVbBwE52amPjt,价格,0,
H4BAxcymfW2QM1N3,动力,0,
h5xvaKWVImzA2ofM,外观,0,
h5xvaKWVImzA2ofM,空间,0,
h61RFOpSQ5mvz4HL,动力,0,
h68XpMmniQLwbdIO,动力,0,
H6B0moOSNl5MaXC2,价格,0,
H6KoQdZTu82PxBeE,安全性,0,
H7Bxj9pKVgqeyWFL,操控,0,
H9wuksrBUMz7LDJb,价格,0,
H9wuksrBUMz7LDJb,配置,0,
ha6wrDUWoCc7QNKT,配置,0,
HaMZcVosIdtX9hFS,价格,0,
hB7zWn8cQU1SusxG,动力,0,
hbNKvz0tc9WCH3LZ,操控,0,
HbzYaC26xhtRwLD7,价格,0,
hc47noX3dY0KW5Rx,价格,0,
hC6QZl3TY0sIpo8E,动力,0,
HcnXIy0fMb7wYiAE,动力,0,
HcsRutN51LDmoq7r,空间,0,
hDGyzUBkKRovM5Y0,安全性,0,
hdRUwtbvMDOfmonF,配置,0,
He8atxbFKOCV4LJR,舒适性,0,
HENrpo72PnqR4ixt,空间,0,
HezPQn9YNU4hrAL6,空间,0,
HFNW80OBPw9zUkav,价格,0,
hfqcWjOKiUAJ4GMx,动力,0,
HFW2Sw9pe7PlBbnL,油耗,0,
hG2FyHdzPfOSNJUw,动力,0,
hgJwbydD52nPHN3r,动力,0,
hgk2M64uXHfQo3D9,价格,0,
HGpvEWMlnJZ6PTSB,操控,0,
HGpvEWMlnJZ6PTSB,空间,0,
HGYPdv0uFDcxXq5r,动力,0,
hI35GvYKQST1siEN,价格,0,
Hia1TOkFP2WUnwYQ,空间,0,
hiapXy1f38xDsGwY,配置,0,
hJdWYzDqu7HEo9ga,舒适性,0,
HjPDUaEeubBWQ6OY,操控,0,
HjqGZ7IYgwfnM5u9,动力,0,
HjqGZ7IYgwfnM5u9,操控,0,
hJuktEe2T0a5wyld,空间,0,
hjWlKTHJbALe73zV,价格,0,
hjWlKTHJbALe73zV,空间,0,
hkAnb3jSHXyfYzsT,空间,0,
hklyJvjH1LRsDqX4,价格,0,
Hkm6btqgnv7BG0aT,价格,0,
hL0XyYPtOd4oxzME,动力,0,
HLIPDMkhW8BsTcfu,舒适性,0,
HLnlPiYdjDJmt05C,安全性,0,
hLU7n81qPYldAbSs,外观,0,
hlvMnkiotNROg4m1,价格,0,
HmaTMZR0oQjfYyIh,动力,0,
HME2JciDWgfC7BZ3,动力,0,
hmEJZ8Twv5pWgozc,内饰,0,
hmEJZ8Twv5pWgozc,舒适性,0,
hmQRfgns3j89JAuY,动力,0,
hmQRfgns3j89JAuY,操控,0,
hMzcYxOl8XeWkUEG,价格,0,
hN4tTYPZwiq3A9I2,动力,0,
hNa38s0eDkwlT6bm,舒适性,0,
hNHfzYCMp4SjB62W,配置,0,
ho4CMuwctnIHT7m3,价格,0,
hoVt0pjniWmxEGSy,动力,0,
Hpelk1mhMgC8IxYR,配置,0,
HPF9SZJMbitWCN25,动力,0,
HPgJ5GexqyvWlZ3f,价格,0,
HPgJ5GexqyvWlZ3f,动力,0,
HpGQm5TxKZXnh4Oi,价格,0,
HPsdWVfwGErSyt32,外观,0,
HpsRxZWXdMTh9PG1,动力,0,
hpzJ016brnFte8u7,安全性,0,
Hq08NnoZhXuYSU1a,油耗,0,
hQoPFVj81vz9YROs,空间,0,
HQwauY9GotepDSvT,价格,0,
HQyYLwRlxSWPJu3g,安全性,0,
hqzvKBEH2TQWlsXY,空间,0,
Hrhl7bDGeCIZ4JY0,舒适性,0,
HscZvXjMAIwLWNKm,动力,0,
HscZvXjMAIwLWNKm,操控,0,
HSFsOWmGUCaR0cDu,油耗,0,
HSNZsLQYFarecEqv,舒适性,0,
hTkS8rgZL7y2HfJm,配置,0,
hTnP427MHNwGAOQy,动力,0,
hVORXaoFW0NEcTIt,舒适性,0,
HVzgNe4bmGufXw9A,操控,0,
HXUnG0Bq59QdAMPE,操控,0,
hy9HpxsFYCtMWDV2,动力,0,
hyALoWVNRHd8z5Ij,价格,0,
HzGoReJTpIyAaYrM,价格,0,
i13kBp7qdxDYujH5,价格,0,
i1suVy5Gk06gbzWa,舒适性,0,
I2CNRcOKSoL4gYyQ,外观,0,
I3BYgdTjfmcoUD0r,动力,0,
i4fHCSAwqmcoTLse,动力,0,
I5CndmrNBvETgYMy,操控,0,
I5dwFbpJ4zjE1iqs,安全性,0,
I5oKvWl1BOs8HA04,价格,0,
i5t09fbeRAoFUyj1,价格,0,
i5t09fbeRAoFUyj1,配置,0,
i6wKb7NlPpkBqCnc,配置,0,
I7LkUz0pf6Yq2HeO,动力,0,
I7RJkFqnWyhvZeUM,动力,0,
I7tkCDBPNrEZSv9l,价格,0,
i8ETrBA0SgcDJ6uq,操控,0,
iA7fqsSyxzt9512a,舒适性,0,
iAHt90OI6zksZSlJ,价格,0,
IaMFEbfc4l0m9JGY,油耗,0,
iAuM9tJaPgVXC2qn,外观,0,
iBagubqKmMzUjASN,操控,0,
iBNqmSH9vTGOrJfP,动力,0,
ICgRpevVaPLM5O8r,动力,0,
IcM0PLlqgUfNru8T,动力,0,
IcuArT1di23bgQUo,安全性,0,
ID5ujZgTszAXrOpd,动力,0,
iDf9Npt7nxquSGWv,安全性,0,
IDQeU9XpBjCw4tzR,内饰,0,
IDQeU9XpBjCw4tzR,操控,0,
iDTqhM2zAYEByPvO,动力,0,
IDveK9onpAOmw4dc,价格,0,
ie398uCI5p4ko0KE,舒适性,0,
iEg2MxZhJrSlaPFq,油耗,0,
IepnaqKzj0HwSkBN,价格,0,
ifuY5c6bTBeQtHsJ,空间,0,
IFx9KsWd43OoH78A,动力,0,
ig5ulsak7Pr2ISHn,内饰,0,
iGPABgCO8m14NFMR,外观,0,
iIle8cEK95mvOPon,舒适性,0,
iINwZ05zsc6MGYBH,配置,0,
iIWgLCRZK4Jhf1se,操控,0,
IJDobFGQAKzHqXaE,舒适性,0,
ijqwHCPXpdlxofb3,舒适性,0,
IjufnEkcY52mUOWA,价格,0,
ijx9uRWqayEo5Ucb,舒适性,0,
iLaJS9BPjoyQhmEz,配置,0,
IlBsktLTwo78ye6G,价格,0,
IlmEAb6fVq1tJQU4,价格,0,
iMRHYBjPbr7VeaCA,油耗,0,
IMxX9lD0pmvNCjF2,动力,0,
IN25FJ3icveab7gX,舒适性,0,
InCA4bBOy93TZFVE,内饰,0,
Ine9yzP53Uw1jtCc,油耗,0,
INh0fYzZjRSuAiXw,动力,0,
InPDsx8FoJeCA7Nk,动力,0,
IoB98JpjqURmnrYH,动力,0,
iol4td31qOHwUPL0,油耗,0,
ioXtEZ5bL2V1z3cD,动力,0,
IPbjshfaoHqrpZ52,动力,0,
IQ4A6L9iYh0OSNfu,舒适性,0,
iqPgDUrA1bsWvCZ0,价格,0,
IqSCoMfXEeVhrL1l,配置,0,
iR4YU5L2PHj9QKoM,动力,0,
irTvXY9OuGDwc2Vd,舒适性,0,
IryAitj7o2cDO4Ue,油耗,0,
ISK9pYyU4NhGBDwF,动力,0,
It12mw3HAnN8C5Pp,价格,0,
ITR2VY9H8kKFwl51,配置,0,
iTWyZcg8PkGembjh,配置,0,
iTy1KqjMFIxnSvPo,动力,0,
Iu4BtlXxa1MAi5kV,安全性,0,
iUlH7WavOMc1L6gb,价格,0,
iUWxFuq3QwjPGSMT,油耗,0,
IVxO1nhp8jDkvbf7,价格,0,
Iw5nY2R4pomMvcLA,舒适性,0,
IWKi3qH27u6kTJyE,舒适性,0,
IWMnHyXfCbJltvP6,油耗,0,
IwOcjdoruX0LJn3t,安全性,0,
iXcI82dOo5M7Qxz9,舒适性,0,
ixXvq6fVrUymo4tL,价格,0,
iyeWsodHB4DXU6f0,动力,0,
IZiasEmSCJKTeO9z,内饰,0,
IZiasEmSCJKTeO9z,配置,0,
IzLZupOmWRqh1J2P,安全性,0,
izRvYMLfEa4VuFsZ,舒适性,0,
IZSFB7Dyv5aCPHUW,安全性,0,
j0fIWrJxSiXuHhKL,空间,0,
j0gJkrclU6PWHzbG,动力,0,
j0o3bhKRkqr7QcX9,动力,0,
j0o3bhKRkqr7QcX9,配置,0,
J1vSGdPFA9YclCn7,配置,0,
j27Fi9wrxBzkUWeZ,操控,0,
J2Ku6sNFltUiSVd1,价格,0,
j3fPeMZrca1C7Flz,价格,0,
j3K4CPnfmIxLcRQ9,动力,0,
J4LE75cih1SCFdnT,安全性,0,
J5NzgHXKxVqRUsrt,动力,0,
J6WU8fSlZzQjmkCD,油耗,0,
J7sXh5c4VHZYKLDM,外观,0,
J7TPn9WD4fCpkctx,舒适性,0,
J8saWwTHePo7kGdz,舒适性,0,
J8UAjdXe1iYGaNvE,操控,0,
JA7LzrgYD0yNb3Wp,动力,0,
JA7LzrgYD0yNb3Wp,油耗,0,
JBjKgqFUM0u8VcbE,油耗,0,
jBzdpRPDmi20tbeX,油耗,0,
JcQmd2R58pNIZsq6,价格,0,
JcrPzoWiQj62MEpl,舒适性,0,
JCzgUja5FLK10fyT,动力,0,
jdpAD6RYstzCwL89,动力,0,
jDpXiPkRAa9ChfF1,内饰,0,
je2MGWaZD3gdhQnH,价格,0,
JEiu0BmbZd3A6hzG,动力,0,
JEiu0BmbZd3A6hzG,配置,0,
JeoQIEsFfz5UcgVA,安全性,0,
JESG4FV8hxtcDj7v,油耗,0,
JfcFzdSH0w4jMVuC,动力,0,
jFewAXR5k7h6Bfou,油耗,0,
jFm50cCEMT4ye1W2,动力,0,
Jfn3BwlA0R2Em9y6,动力,0,
jGA8LNFOuRs9qSPe,动力,0,
jh5FseWzECB1GkIu,油耗,0,
JH7MdPspcBZnYtLD,舒适性,0,
jhl6qUfdniEWGkLp,动力,0,
jHq01Y5TRGdgyhCV,动力,0,
jJmb6lSv13XRr25c,动力,0,
jJTBRF7b2wyUnStA,油耗,0,
Jk34DuyTEb1saPKS,动力,0,
JkcYPTziH7U3lxGR,动力,0,
jknZVvqIstd9rc2D,动力,0,
jKrQLcNpUeuYM4hV,安全性,0,
jLa7hO6SbczMW5rR,内饰,0,
JLV3u1GCXiH8ezT2,外观,0,
jmNRFUSzAt7p8g40,舒适性,0,
jMSqAvtYaeBH6TDi,价格,0,
JNm5VK1cZ6g9LoRf,价格,0,
jNnyoStQJacYTmEK,油耗,0,
jnU10tsLzPBKGFpc,动力,0,
JobUcWk5Nj9FyrQH,内饰,0,
JobUcWk5Nj9FyrQH,油耗,0,
joNiTbzmnsV7ELYp,油耗,0,
Jp49Q6RONAer7bIG,配置,0,
JPT4e6nsImgGqYEV,动力,0,
JpYG3bB5n6UcWiu2,舒适性,0,
JPzWM7cH0ybw6GlU,动力,0,
jQcZtI35asGnSheX,动力,0,
jqE8eyRCh41cr2nU,动力,0,
JqFRuONe9U2ryd5P,动力,0,
JqVnCehG4FEXUfNR,价格,0,
jRINCuVE5mnkPLew,价格,0,
JrLCgXU2dst4eVnW,配置,0,
JRr8lDmwU2jIYo7d,动力,0,
jRsOUTFP1BqIVvZM,外观,0,
jS8ODTt63e95xbar,动力,0,
jtMhQkDzoAGpKu6x,动力,0,
jtpv5NhgCqUifEZG,油耗,0,
Jv90mDtzhwPOlrRe,动力,0,
Jvc6O5hDCSGl7qiN,操控,0,
jvlsSyIf9176UXYo,价格,0,
jVvSEBD1FuzU0nAZ,内饰,0,
JVz35rfaNvYlW96X,动力,0,
JVzKd5sQ43xYTWt0,动力,0,
JW5SlimrHjknEQ2D,动力,0,
Jw9E5Cex0fzucPG8,安全性,0,
JwoQgaFxCO4jHdiV,油耗,0,
jWR7LC5Fsi21S6Tx,操控,0,
jWUr7SYoGwfcB9Az,动力,0,
jX1DpdRT7Yy9eSha,动力,0,
jxGHWcaBsOfqXDAQ,操控,0,
jxGHWcaBsOfqXDAQ,空间,0,
JYDHZTdhyMNa4uKA,舒适性,0,
jyFNSst8CvIzOhYM,操控,0,
jyFNSst8CvIzOhYM,油耗,0,
jZcsq4yTFho81Ewe,动力,0,
JZflEP2vpUqu4gaR,价格,0,
JZflEP2vpUqu4gaR,内饰,0,
JZflEP2vpUqu4gaR,空间,0,
JZflEP2vpUqu4gaR,舒适性,0,
jZk6hrWgIT1UubGf,配置,0,
jZnGySef4XJ35TOl,油耗,0,
k15pOrydTKfPzuVS,价格,0,
k1h2E6g04yaKecjA,动力,0,
k2aSRt049szZHniG,安全性,0,
K2dQGk0wcABr3RDf,舒适性,0,
K2hldJySQIG8BD9A,操控,0,
k3Rr7KLNaB9WgoAM,动力,0,
k3vZDLl4uSnKEHTb,安全性,0,
K4fV1bTYH6GrFsto,空间,0,
k4gvpRjYNIrm80Vf,动力,0,
k4gvpRjYNIrm80Vf,安全性,0,
K4IDcBhd1fs0WLmA,动力,0,
K5BcQCt4MjSUnLs6,油耗,0,
k5gbGvU9fFAcylr3,安全性,0,
K6N0ycl4ksgPGeRU,安全性,0,
K6Q3mGDVkpv8Zx9d,外观,0,
k7JtGgjOCn9zaKBF,外观,0,
k81o6h4rVRwCAtlz,价格,0,
k83w2HPhWA5FRqQy,动力,0,
k9U1dwJ5zFxf3v0W,操控,0,
kA5r0l1Z4GDUXSxV,动力,0,
kA6fX4bCIYGx7HjF,油耗,0,
Kagei3wnljq9FPCH,动力,0,
KaMYI4UzyTJ9wjnx,动力,0,
KaMYI4UzyTJ9wjnx,油耗,0,
KaNhAFfxEVWMp4mi,配置,0,
kAsfUyFOt29DbjPe,内饰,0,
KAVUiEDczOn58ysp,舒适性,0,
kbxWwm49jhcyJCB0,价格,0,
kc3Ww7IPQH0VnAzY,内饰,0,
kc3Ww7IPQH0VnAzY,舒适性,0,
KCgVntiQRZAJ3hPd,动力,0,
kcjRwomQ14yp86AO,油耗,0,
kCKhaDMB62SXVfsQ,油耗,0,
KcxCs1j4vHwi30UT,动力,0,
kdB70Waf4VxDNicy,动力,0,
kDEJ3W0vuGAKL5Pi,外观,0,
KdfgsDchlFzLmUI6,内饰,0,
kdK8gzo7PWNiYO2c,动力,0,
kdMo7aOIlqsGEJA0,动力,0,
kdmqGuOBtZv8z5xi,舒适性,0,
KE35A9Uqgu82ImNh,动力,0,
KEGOCJ2qhwoVZmAW,安全性,0,
keMfwDysgGWbZvz9,价格,0,
keN2DB4yRGx1YFUc,外观,0,
keqZpgUPDNusyt82,油耗,0,
kEXgjQtDaeiJY1Fo,价格,0,
KfaiEH2rCG6px3jA,内饰,0,
KFAk4W3a9zy0jUXO,舒适性,0,
kfs9vFyd4ciLjarZ,动力,0,
kgCIYnzflAWarDRx,油耗,0,
kGFy0LwrXmT2q7cj,动力,0,
kGL1cbNWfP9D0xHY,价格,0,
kGL1cbNWfP9D0xHY,空间,0,
khxHPFNqsVaZWzYL,动力,0,
khxHPFNqsVaZWzYL,操控,0,
kiADwL4gEPKCef65,动力,0,
Kim3WsdVgXMBTqyz,价格,0,
KIMm560uzHE3YsGW,舒适性,0,
KiSy32bmsWgUN4k7,外观,0,
KISzcPoCBYqpVjZ1,动力,0,
KIWJU82rptZRDPn5,舒适性,0,
kj0VExSMlmnPw7G6,动力,0,
KjafP2XQyqmpVHz6,动力,0,
KJf9eIQZ3rvp0Ng7,操控,0,
kJgItoz3bNB87wvH,动力,0,
kJjQcBwP1oN0izSF,安全性,0,
kL1w2BaD6s8XWgUK,配置,0,
kLa0SXT6oNl8Mcx7,空间,0,
kLa0SXT6oNl8Mcx7,舒适性,0,
klgSW0eHc78qLyYG,动力,0,
KLkspFqN1mjgH4fv,动力,0,
Km3O9xj857DYa2Uk,动力,0,
kMEFT5obgR0WHmuh,外观,0,
Knb8BZjVIalCQTpo,动力,0,
kNF5pwuzEGYoZiXt,舒适性,0,
Kns3lUHxJ8Lz0Ayw,操控,0,
Kns3lUHxJ8Lz0Ayw,舒适性,0,
KNvjS3BqMiUnTeYt,动力,0,
KO3JpX2Sc6YAGaef,价格,0,
KO3JpX2Sc6YAGaef,油耗,0,
kOq1hJUcXeyvSWFn,价格,0,
kOxL6fr58eJupBzM,动力,0,
kpfdv3YCRLz4haEV,配置,0,
kPtbK1TayqHuZx9C,动力,0,
kq6PxGgY8dzWvt50,安全性,0,
kq6PxGgY8dzWvt50,舒适性,0,
KQfnd0wYa35z2yEB,空间,0,
kQft7T8pbZEsmXIv,安全性,0,
kqrhv9fYCN52WwzG,价格,0,
kqXHfV2iZ4WAPsbL,舒适性,0,
KRbxgDGnAl7ShEvi,操控,0,
kRSbQfFZqcPA7mB0,油耗,0,
kSc9yWoF3BTH1eD6,动力,0,
KSGBhJlTfHCnV4iR,外观,0,
kSlm3EyFdetPDbBL,外观,0,
kSlm3EyFdetPDbBL,安全性,0,
KSrZXOFGUdjM7c1H,外观,0,
ksuIm2vDdFYBA7qr,舒适性,0,
kT7M1p6EnLC53NGZ,动力,0,
ktJBs4TcDFQKRl5O,动力,0,
kTstwrCimy9dB13A,油耗,0,
kUN3mhMaq10HYLiT,动力,0,
kv6UI3HQjFhCnqJ1,动力,0,
kVs2YSuW8hBEJTMr,动力,0,
kVvluEbfh2K30seO,价格,0,
KVxfBFJSCi4syRqj,动力,0,
KvxfoclCLGzMUph7,价格,0,
Kw0jVWIE2NHGmpfv,安全性,0,
Kw0jVWIE2NHGmpfv,操控,0,
KWNV9XjYpAJz3tZs,舒适性,0,
KWxctojSgEUZF8TQ,价格,0,
KxebaizoZF9hOAdn,价格,0,
kXGdrejhS2UyJcI0,配置,0,
KY8BLsFfCnV4MJEb,动力,0,
KYGdwhgVWa03kxuX,配置,0,
kYz0vuFy9RjCmU5l,油耗,0,
Kzw2vPbXluIVFC7R,舒适性,0,
kZYd1wbaJ6M4FRhT,动力,0,
L0CVDBT815WvQO3U,价格,0,
L0CVDBT815WvQO3U,外观,0,
L0CVDBT815WvQO3U,操控,0,
l0qgoJYWOP7uKHAa,动力,0,
l0qgoJYWOP7uKHAa,油耗,0,
L0wqbVe6Ex4a7uTr,油耗,0,
l0wYSMq8mzbe4HJ9,舒适性,0,
L2MbX9OSWqBAzvTm,油耗,0,
L3lGBKtSVy270wgM,外观,0,
L3SvBhrmjwxd486E,安全性,0,
L3w6dQlrkxiE75aH,动力,0,
L42EmwNytWa7kqe1,安全性,0,
L4yAipBfjteWwoG0,操控,0,
L51C2rEPkB4Qzpsx,配置,0,
l54ToEIpUi7aNAM0,油耗,0,
L6rOBCTu7YsqiK1I,动力,0,
L7e1sW5jXSBzMYnN,操控,0,
lAn2aBcJOXgKC0Lk,操控,0,
lAwdRmWZuVpMKnSD,配置,0,
Laxkw7m0lEtJHrIU,动力,0,
Laxkw7m0lEtJHrIU,操控,0,
LAYCXG43IdKVomMx,动力,0,
lB1MqkaIWEhKJx5r,舒适性,0,
LBEMrgHa3luyhqSt,动力,0,
lC689AYupQdfhRyP,动力,0,
LchSVmjXWYPl4Bon,内饰,0,
Lcpb7CtITAg3Swuj,配置,0,
Lcwfb0leGvKM2adQ,内饰,0,
LDtrVMsH2ZXIlnjG,舒适性,0,
ldYHXOvrpK28JEDo,动力,0,
LE7aPRQy3KwxFl56,舒适性,0,
lEs5Gd0A9epvkOzt,安全性,0,
lfEksK8Brdvb49SA,动力,0,
lFIkpUZnCXd9bK8v,安全性,0,
LFK9YNVf5Cgbup4o,动力,0,
lfxe9IpCZvcG0aBW,动力,0,
lfxe9IpCZvcG0aBW,操控,0,
lfxe9IpCZvcG0aBW,油耗,0,
LGKfkSCHdto6TR5E,动力,0,
lgL05WRc4tnemAMI,价格,0,
LgpljJwyt0KQ3rYv,动力,0,
LH342shd1A9PWnaF,动力,0,
lHLXt82aBbnhI5kA,动力,0,
lhpuXS6Ve3mn2RDf,动力,0,
lHzx59rV0MUw1aoW,动力,0,
LItb6r0UPCkgZSeW,配置,0,
LJBpdHa7Fex5Qs6Y,油耗,0,
lJO7W5dfQnSEbzvZ,动力,0,
lJO7W5dfQnSEbzvZ,操控,0,
ljwn6soe9DTaRbrk,动力,0,
LkIK8RXABbmqEDW2,空间,0,
LKYZ4ekHwoOTxg6l,价格,0,
Ll57Hf29rsudFpYc,动力,0,
lm9dsG6jagiwVK7f,油耗,0,
LmtxpgKDv6Rsubfl,操控,0,
ln98mVcwvIy3hPuk,操控,0,
LnBDUrCYSbjy4ZMh,动力,0,
lNME6ryzWJRdaPHq,舒适性,0,
LOaw6W2FhfI7PcXj,动力,0,
lof8bg3CqRdUDuTA,价格,0,
LONb8ZGCE59QWIme,动力,0,
lOvGShVajidU5TKI,价格,0,
LOwrhIvERTXidjMP,安全性,0,
LPz215jxtK9ahv70,动力,0,
lqo9YS17DN2XrEBb,动力,0,
LQYfIeBZsJGKMO8W,动力,0,
lRF6Uu2gO3LI9Mo0,油耗,0,
lSap7tA5Z8hIgdcs,内饰,0,
lSap7tA5Z8hIgdcs,操控,0,
lsMWZ8Xx1uNqRQfB,操控,0,
LStJvnM2NsTRXq8W,操控,0,
LStJvnM2NsTRXq8W,舒适性,0,
lsUZtuTR3MGaYAgm,价格,0,
LSVCqoxm0uKRXnIf,动力,0,
lT6VNnaPUYCxwQrk,动力,0,
lTBVknzidqa9OGyH,价格,0,
lTowIvbyKORMAX4c,油耗,0,
ltPBkA415agbwhQr,动力,0,
LTRSXVmrDjN8liAa,空间,0,
LuD2Hzedpf3sxEVt,配置,0,
lUOsiE4g1nXqLVeC,动力,0,
LUqzAbntgvfYTV71,内饰,0,
LUqzAbntgvfYTV71,动力,0,
LuUaQEZWYmPkvVG0,价格,0,
LvESJ37kAXYrT6s4,价格,0,
LvjnyKFrJ1YPIEdG,动力,0,
LVQlaUw8jDgvnOcz,舒适性,0,
LVQuDfSs0BprZUOl,安全性,0,
LxiBJTbnU8lkE72w,舒适性,0,
lXVDP9Ko4Whs6tJB,舒适性,0,
LXVIdoqMlz2UmNWw,舒适性,0,
LygehIRSQou91a2l,动力,0,
lYsegZILcVXu0yf5,外观,0,
LZoHtE5Nr7gXBkOm,动力,0,
lzUdq1XQOP58Z0Vp,动力,0,
M0JwnYDVLRxNiFU8,价格,0,
m2l8ycQpLrv4SsHn,动力,0,
m2n5S7KeR9spbItE,价格,0,
M31QurFCYgDEaibv,动力,0,
m4y5YEDRh1Qtc2aj,动力,0,
m5cHWoe0MjGrZDv8,动力,0,
M5QWYtexTsFILdGc,动力,0,
M5QWYtexTsFILdGc,安全性,0,
M6hKwSNiEePm1nVf,动力,0,
M6hKwSNiEePm1nVf,油耗,0,
M8UR9phXdbtmzae7,油耗,0,
m8ZHSWvBrshIwJnY,油耗,0,
m9He0FUG4CIwitW3,油耗,0,
M9I61OnWQDSYb5PG,动力,0,
m9Zdz1WVINfYT7gc,操控,0,
MAk4Y9BzL8GtWQw5,价格,0,
mbCMplx8ejFNAo73,动力,0,
MBp5DOdSCmAVWf6I,内饰,0,
MBp5DOdSCmAVWf6I,舒适性,0,
mcRXoxFM0sYKC7Od,价格,0,
mDdlugHGTfcNjKFk,价格,0,
mDdlugHGTfcNjKFk,配置,0,
MdWy6Z0Fj5YpNVtP,配置,0,
meXauxf1YwhynTBK,油耗,0,
mFB25iV8zKsZyXob,动力,0,
mFB25iV8zKsZyXob,舒适性,0,
MGDy7Ez8SA0HmBq9,配置,0,
MGgvNby34DOc1aJZ,舒适性,0,
MgJuG3nzro4hTapH,空间,0,
MgJuG3nzro4hTapH,舒适性,0,
MgnXUj7xAJ69D3u8,安全性,0,
MgRkJXn7dl2AIjoV,舒适性,0,
MgRkJXn7dl2AIjoV,配置,0,
mHCVaRgv6QUlLxuX,配置,0,
MHQ6Tywr9V1nRUxb,操控,0,
MHRf3GVCK5iwctez,动力,0,
MHRf3GVCK5iwctez,操控,0,
mIbiDdzTtskJraQV,动力,0,
Mj3abeptmy4B9zNq,安全性,0,
MJ7IqiVNbjsS5nBo,价格,0,
Mjgdf64FV8zx9lyE,安全性,0,
Mjouwl7xadTSVvrk,舒适性,0,
mjP8rbHyWig6IoDz,安全性,0,
Mk7l8QLZey4BhGTH,油耗,0,
Mk7l8QLZey4BhGTH,舒适性,0,
mKOMVDQbSeWoaBy6,动力,0,
mKUAxEeJuFCroQGH,油耗,0,
MLElW0XwqIBSQdHU,动力,0,
MlpJedfRYuOy1sGW,外观,0,
MLu1k8KysHQt65x3,价格,0,
MmCcS73nBWbq8Hgf,操控,0,
mMLlKcYJ48DNFA1s,空间,0,
MN7xywLqZ2iSnQOU,舒适性,0,
MNE2glHhGFA0Z4RY,动力,0,
MNuqprXfhgP1c68K,动力,0,
mNzMqCF05giBbSnp,动力,0,
MOA1fDlJ5CgK6VkE,安全性,0,
mP5v62oNAExVFR8s,空间,0,
MPCxaO69RfFtwdjV,配置,0,
MPEGyCpN9uI5XweJ,动力,0,
MPEGyCpN9uI5XweJ,操控,0,
MpUCN5mRBgodSrHv,价格,0,
mQD5ic1Sdj9HwlvW,价格,0,
Mqf1Q0usdckKPVag,油耗,0,
MQg78L4WaN3vIAmC,价格,0,
MQg78L4WaN3vIAmC,外观,0,
mQkpPN1zv4id8cJ6,动力,0,
mQUq4y1op7Ign05A,动力,0,
ms7epE9v1WPoqhJK,配置,0,
msaPOYndARzN5Fw1,动力,0,
MSdmXK7wn5NfWxRD,操控,0,
MSdmXK7wn5NfWxRD,配置,0,
MTrzbm1Jy8HWcN7e,价格,0,
mTwPSM4q85o9dYgl,价格,0,
MUuQtveRKO1Dx6b5,动力,0,
mUYaHQr9g7IBcwvu,舒适性,0,
MvZVz2TJ614ODEYU,安全性,0,
mwEZIJAxpr4kPfQq,价格,0,
mWgnlxteJcP6Bp8K,内饰,0,
MwLuQ2RHnClX4cNG,舒适性,0,
Mwo5QTqxaKDGbSYk,舒适性,0,
MWOaR9n2wy7zgkSj,动力,0,
mxlzQrk8t1qPvAXh,动力,0,
mXQUnHw6PWMlKjET,价格,0,
MxYdHnIkJ03fO2Lr,动力,0,
MY2TcnNAR8j5u760,价格,0,
mye3R1dJOvubEKhZ,油耗,0,
MYpEL4av97jqzD8x,操控,0,
MYRL6vcgbQI1XmjN,内饰,0,
MYRL6vcgbQI1XmjN,舒适性,0,
mYwAijrVc6TD1ukg,外观,0,
N1XT83GgdzuQjmkl,配置,0,
N2CEAtw5PToxDKvW,油耗,0,
N2Wvkyef6onZGgi9,动力,0,
N3ZWFznX4vTcmt7J,配置,0,
n4wtPZceSWofKGyl,油耗,0,
N6uSkP5VT9LxOmga,价格,0,
N9iD3eztTShwMb68,动力,0,
N9MA5JWdK0Rv1lXV,油耗,0,
N9xLtXzlbY15TGhs,价格,0,
N9xLtXzlbY15TGhs,配置,0,
napw4tOXzKSPGCiM,外观,0,
naZ79jUwVAOCMNoE,空间,0,
NCcu017sHJhKxIw9,价格,0,
NCdm9ns1Mp0hgKf2,操控,0,
ncpEIaLfkNTAewsG,动力,0,
NDI2iaO3ruVsgJy7,空间,0,
ndsSmXKVP2NvDjlU,价格,0,
ndsSmXKVP2NvDjlU,动力,0,
neh7HDsiMYgoTtJl,动力,0,
NFcsgLvqzkrCudnD,价格,0,
nfMpLjc74b3uB6NX,安全性,0,
NghFjx0lCEnd8U56,内饰,0,
nhaywNMJrx0GIp1B,动力,0,
nhyRe5iLEl3qdoGU,动力,0,
nihToPfEpQC8IZ3N,动力,0,
nIikGlLA9guNRZKa,动力,0,
NIiVc1TCbGjK8OdM,油耗,0,
NikclmJYzVSQugRL,价格,0,
nikMqrVcyPG3D8Bs,价格,0,
nislFHavcWwPe1X5,动力,0,
NjQx4nJ7R2DGUAOL,安全性,0,
NK8CyEdeq7UnfvxI,动力,0,
nKCFDE5SW48mOkgz,舒适性,0,
nlc2XDGSgrfk8HpJ,油耗,0,
nLDXmPRUfS8zBvcM,配置,0,
NlHCgUSQeDJEvVx1,价格,0,
NliW0SXb3e1voVa9,安全性,0,
NlPbn1X3AiT6DuvZ,动力,0,
NlQ5Y81nrPUudX6x,动力,0,
NlSsfgxOcrVtY1bm,动力,0,
nm4asOHLeGjIqpTQ,动力,0,
nm4asOHLeGjIqpTQ,舒适性,0,
NMemaHVJwYQ46yl1,动力,0,
NmxHlJt4SaufZoVW,价格,0,
nN2rBZCpc3uSQ6Ol,配置,0,
Nn7CI5s8xRgkHWuE,油耗,0,
nOCiy17PFKVejMlY,外观,0,
NopbZxLc9HyVED4U,安全性,0,
Nor25QdeRKjkE8Sv,价格,0,
Nor25QdeRKjkE8Sv,配置,0,
NpezxGUbtWwMAnk7,动力,0,
NPHVQGXB4Wh6tkRF,配置,0,
nPImibt5hr1GYUSR,操控,0,
npXda9NoGHFOzVDT,油耗,0,
nq4HamJkVLZKdtQy,内饰,0,
NQ70fa1FgPnuemLw,油耗,0,
NQL9ok6nTSaUuBbs,油耗,0,
NQSZVsCInrRj1tki,配置,0,
NqUw4pu2vZP7WCoi,动力,0,
nqWwUx05NlTChDdB,安全性,0,
NqX6VtkDgIoWvTGp,动力,0,
NqX6VtkDgIoWvTGp,外观,0,
NrDHwYe9Tkf8CPhx,动力,0,
nRJ6ZAY25EbI4rQT,安全性,0,
NTlty2wYzILu1FpV,动力,0,
Nu13vW6dwLpCrZe4,内饰,0,
Nu13vW6dwLpCrZe4,空间,0,
NuBmA9VQpq6Icdij,外观,0,
nUbS5PljcEYuQxeg,油耗,0,
NUcyMnlhpq50gviC,动力,0,
nVjA0ypPdLOYE8va,动力,0,
NvU564ldECkormyw,舒适性,0,
NwA08ZPg3lXbJcTq,动力,0,
NwaXORZoIEvjuDVG,动力,0,
NWUK8aVSDHXLE6n2,动力,0,
NWUK8aVSDHXLE6n2,操控,0,
nxfkTNSVd8rJoOD7,安全性,0,
Nxr6Jw0RMQOGadX8,动力,0,
Nyil47OmxC2YWqrn,操控,0,
NyVvOpQY2Kea1shC,油耗,0,
nzfDJOmYG7a1Kkjg,油耗,0,
nzgeMCOBWahq0wQF,价格,0,
NZu2f5CYsk4dOQwg,价格,0,
nZxEoI3yVh4iDKtJ,动力,0,
O1CoyJqFluKzSZHc,安全性,0,
o1dSbilO4YvHMw5X,油耗,0,
o1Fc07wDL4zWMK3E,安全性,0,
o1Fc07wDL4zWMK3E,油耗,0,
o3iyS25xlsMfDXqN,空间,0,
o3yQMCB1ELfmPkZO,操控,0,
o4cihu0yExOBKawI,安全性,0,
o5aMF4gQihxWGfHw,内饰,0,
O6FGLwok8irKAymn,动力,0,
o8YlCDjKdUP2WZN6,动力,0,
o8zTaRslr3Dkw2fX,价格,0,
O9cv6KN4jbFz0pIt,价格,0,
OalbQZIrke8uFPKf,动力,0,
OAP1hHNzcSFjsbQB,动力,0,
oAqv67zNGXhfHtLs,舒适性,0,
oAXajFrEThm4VZMs,动力,0,
oBC8pkqTPVd9lNzH,动力,0,
obKvyUglj19DF50a,内饰,0,
obKvyUglj19DF50a,外观,0,
oBLSm9YVrDT1gicl,油耗,0,
OBtAYE80RnrWSLZT,舒适性,0,
oCKiWsxOgXt8lvdE,价格,0,
oCN0lbrdtOQAMajz,配置,0,
oD3ITPlGBRULEef2,油耗,0,
oD3ITPlGBRULEef2,配置,0,
ODAZ1zdFYWLtrlPk,操控,0,
ODAZ1zdFYWLtrlPk,空间,0,
ODAZ1zdFYWLtrlPk,舒适性,0,
odD3BUzFb6LmVWhy,动力,0,
odIQLcUK40PSFOg5,动力,0,
ODUGJm2XLS8P7wqy,动力,0,
ODuq0IH27ihaQCdy,舒适性,0,
ODYLjpU9GINWxuse,空间,0,
oeluN6VQ0p3zRMgP,动力,0,
oEu4nUZB7tVqaWlc,价格,0,
oEYVyBXPO3Tth1Wu,价格,0,
OfJ4IMeogmYS0dHP,操控,0,
oFv6ywnQPVIu5p8c,动力,0,
OFWlos7BdjR4QImD,舒适性,0,
oFZ2ChzDmI3vQafi,内饰,0,
ogOBeVWGJZy7HYX9,内饰,0,
ogU2CGf4mvQENdlY,安全性,0,
oGUe5Ohm1Sfa3ND8,配置,0,
oh1EI7vcY28qsdye,动力,0,
Oh43sMPQwotxpjq1,价格,0,
OHGaiNAynrftsJko,外观,0,
OhZSq5JfivI6AQX8,配置,0,
Oi85rTnhumygMDFX,内饰,0,
oiq3RVWT56EZxlOI,安全性,0,
OIVMfz5odveZJy6x,价格,0,
ojBPvkDmKtZJaLTy,动力,0,
OJuNx1caf3DmzWZ8,舒适性,0,
oKhZ9qJ8sv40QLMD,安全性,0,
oKibCsAg7jvZRL49,价格,0,
OkIUy5LHgZ368aWs,油耗,0,
OLlahjHNd34SVgJI,价格,0,
OLlahjHNd34SVgJI,空间,0,
oLpfTbMnuCHwUW2Z,价格,0,
OlpLBCc1kvxP29yH,安全性,0,
olSbiydPWnVUp5qr,舒适性,0,
omarkhy4BOMZNbUC,操控,0,
OmlxDjJkrGovgBEy,油耗,0,
omYdXQpHzFC9uWV0,价格,0,
OnB9xq6PaMJiKNHV,动力,0,
ONEo5BSyvIp3Rc1G,舒适性,0,
OnvIeq45udbr1Zcy,动力,0,
oO5eSx8MZguD7cvN,动力,0,
oOlATnVzdBkyDtvS,配置,0,
OoNilEI564GbTXVP,内饰,0,
OoNilEI564GbTXVP,操控,0,
OPQKaG6pLFexn89E,配置,0,
OpYy6dEJ12aGIk5q,价格,0,
oqG0YZIMS7EwDF2t,操控,0,
oqG0YZIMS7EwDF2t,空间,0,
oqG0YZIMS7EwDF2t,配置,0,
OQM0FJ7dXwA1hgcU,价格,0,
OQplvzmgDFNyBKIU,外观,0,
OQsufjFNR8TYP5oK,动力,0,
ORIjZCzJpkhyeqt0,价格,0,
ORIjZCzJpkhyeqt0,配置,0,
oRSwUe4j5kYLsb9z,配置,0,
osDvHQkZgnU6VJqj,操控,0,
OSLWaNfmBH1kVxgu,动力,0,
OsPdeaC4TJnvHj60,安全性,0,
OT5FJMGcfpuUyIrB,价格,0,
otA4FQMcnpTSGirO,操控,0,
OtJ7T3Me2ba8jQyp,舒适性,0,
OTp59lzSCNkbMDxW,配置,0,
otXGI4T19QkAhcJi,动力,0,
oUbrDQzpLsv2eEwh,价格,0,
oV8fIghPd1zNOnyE,价格,0,
oW2pkJrF0BTUKHxQ,动力,0,
oWaUsXqVKgQLGO5P,舒适性,0,
oWlkzrfLaRmbgTN0,操控,0,
OwnFSkl8YAozX7fg,价格,0,
owy71xlNspfGcOte,舒适性,0,
oXnVARGFfp9a8QvN,价格,0,
oXnVARGFfp9a8QvN,动力,0,
OXtPgL2WGp4QFKhc,配置,0,
oY3mxByCUDGcHOIW,油耗,0,
OY3SwCm4Vgb7MLoX,安全性,0,
OYlWrwL8uCH1FKyD,动力,0,
OZN8fClieQzysbtS,价格,0,
OzRo4u1JLUaC6HAx,操控,0,
p0KtrkT1UOQgofzm,油耗,0,
p1hW7SA8eTtLkrHP,油耗,0,
P1SnJQvFGLV8ysqO,价格,0,
P1Yd4hCRTqEx5Wag,价格,0,
p29YoF1LOQ5KiwbI,操控,0,
p2e84jFtmAVdY9nM,油耗,0,
P4YKSHqwR9CIhMyl,配置,0,
P5BpufrxygnDczwY,价格,0,
P5BpufrxygnDczwY,油耗,0,
P5UqlVFvZWkR1njT,价格,0,
p6bY5e7OHxDuCcTl,价格,0,
p6KbUyqtlW3HCLks,油耗,0,
P6xHzSMB1TWptCXI,价格,0,
p6zNrmD87aOeZwYy,舒适性,0,
P9FJ3KpqkfMi2T5W,价格,0,
PADWXaNBeJFp1h7c,动力,0,
pArcJEi9RDl6HvO3,安全性,0,
paZWPGLX2Ybim4un,配置,0,
Pc9AX3vWTBCzxgrk,油耗,0,
PCfrEdKUqubGvYn8,动力,0,
PCO4vl2hNpofDcJR,价格,0,
PcWpwAjfih5kyXH9,动力,0,
PcWpwAjfih5kyXH9,安全性,0,
PcwSHTs3WBt4A951,空间,0,
Pd3nZshWLUR5S1lN,安全性,0,
PDZqxafmkvh9jznt,动力,0,
PDZqxafmkvh9jznt,配置,0,
pE3v6GfQrDnuwq0y,动力,0,
PekAmutS1pEZK78O,动力,0,
PER4abO90zUAsHkZ,动力,0,
PF3ESVIYeRBuApX4,安全性,0,
pFaV41PRJHbIXeBl,安全性,0,
pfhG7EMUyFwNHP0X,安全性,0,
pFm4TNbIr3nQZ8HM,外观,0,
pFQKZ4kGmh0OvTeo,动力,0,
PFRA5HBkIo3EpKd9,动力,0,
PFtl0brIc6JOo7m5,动力,0,
pfzlBqdG8FMTEjgy,价格,0,
PGkc2mvwn3LtMS5y,安全性,0,
Ph0aUXlckHnB9qTY,价格,0,
PhsHRq3XQzmIfeZK,动力,0,
phsUvnNm6kTBfLP3,油耗,0,
PieDG2auIrOUFlQH,内饰,0,
PieDG2auIrOUFlQH,外观,0,
PInjWg2feQOixXuh,动力,0,
PIR3vwgnVao6fTGc,动力,0,
PIUnTYvDyNafeMEO,动力,0,
pixnurGOyqeNYvoZ,价格,0,
Pj4qJ8ArU9RbkG2e,价格,0,
pJrUihEk9zsAQNyc,价格,0,
PKOQUkyzN9Lj5qbw,操控,0,
PKXDnHzriTOEjGkY,操控,0,
PlAEY0Howet2ynQq,动力,0,
PLOfEqx4nAVBYMa1,舒适性,0,
pLQHd24kjMqIiUEu,动力,0,
pLQHd24kjMqIiUEu,操控,0,
pLYWZkjvm142rl7M,价格,0,
pmbRHAxPtLdTD1NZ,价格,0,
PMFDwQvgfy8CbYVZ,舒适性,0,
PMk3EWqlI2hyGJHZ,动力,0,
PmnTL7f8KplDQG2C,油耗,0,
pmrFJcGCsLVQbNo5,外观,0,
pmrFJcGCsLVQbNo5,操控,0,
pMS05xz6KDcmE2bR,价格,0,
pN0iC6RYkW2twbsV,动力,0,
PNhVbUwd0n1zgOuH,动力,0,
pNtLFWcsZouy7mUz,动力,0,
pNtLFWcsZouy7mUz,油耗,0,
Po7ZVENln9OcGIdX,动力,0,
po9Tn03kwxRUOVQa,动力,0,
POH9olzVZRw1AYKM,动力,0,
POH9olzVZRw1AYKM,舒适性,0,
pOHM4XkyBe7obF8t,动力,0,
PpBrsSHQNMwLkbiX,安全性,0,
pPuK5lYxZchCROnk,舒适性,0,
PqW62EkoQNpAhGgv,动力,0,
PRaMADeV1pq0Nly2,外观,0,
PRB3QCo9h0agY8Uc,动力,0,
PRJsLitdN0GzfeqZ,内饰,0,
PRLNzQYKVJ9pSwbZ,动力,0,
PRLNzQYKVJ9pSwbZ,配置,0,
prOcEX4tLi0PhMbG,配置,0,
pRqHS3BTwF7homX9,内饰,0,
psSoODhBzemwFrAU,外观,0,
PtiHdwrGmYuyqabM,操控,0,
PtiHdwrGmYuyqabM,空间,0,
PU9sVwgxm541JEAa,舒适性,0,
pUkq7zNgYI2ojuVC,动力,0,
pUkq7zNgYI2ojuVC,空间,0,
PvhUa3pVtE5sGrBm,动力,0,
pVI2kt9YDN1rK0yJ,动力,0,
PVq9rx2XZFKWuSiH,安全性,0,
PVq9rx2XZFKWuSiH,操控,0,
PvqF8X4YkSfrdtzC,舒适性,0,
PwemykGBgAoTQxV4,动力,0,
Pxmlqb2YzAFLMoX3,价格,0,
pXvPERYfk9sA07uG,动力,0,
pyDHdXGUZu893OEh,价格,0,
pYHtiIu17onVgFlk,操控,0,
pYkWzoKl9g01CMSZ,内饰,0,
PyTps908Xk2foFrV,外观,0,
PYwRyVnuLAzkEdaq,配置,0,
PZ0U8OFqej52tYDJ,空间,0,
pZ7kV1MHfxdAysKC,舒适性,0,
pZ7kV1MHfxdAysKC,配置,0,
PzclWhqFOxdfvp0T,动力,0,
pzhJf8R72SXiFbyZ,操控,0,
pzhJf8R72SXiFbyZ,空间,0,
q2K5fS7gvyEsaDeC,内饰,0,
Q3oGBXcOmjp0ChVF,动力,0,
q5FnsecT74Jwu1vE,价格,0,
q65csxGUE3jJpWXy,配置,0,
q673gYlrTBGhkbFZ,动力,0,
q6BSTVk19lyspta8,动力,0,
q6C2tQxXTYZVKWje,动力,0,
q6C2tQxXTYZVKWje,舒适性,0,
Q9ob4C0JGWv6Pken,动力,0,
Q9ob4C0JGWv6Pken,外观,0,
Q9Oj2w5cKVnMxuHT,动力,0,
q9rmTn8lxGzVYkXh,安全性,0,
Qa1ehY2A5s4qR3tm,操控,0,
Qa73PYLgfNpmFvsl,动力,0,
Qa73PYLgfNpmFvsl,舒适性,0,
qAax3JplLDIh9fWc,配置,0,
QAInKUdsOaycT1Rx,价格,0,
QbMsfJpkFBK8tj4W,价格,0,
qBYGN47uCoP6tUzi,动力,0,
qBYGN47uCoP6tUzi,油耗,0,
qbZsiQHJ1SkIKxU3,油耗,0,
QCO8X1VaznsBgPLr,油耗,0,
QCPdklLbKoWIwAXq,动力,0,
qcWOurjXiU2ogvbf,动力,0,
QdJpVjxu5hrmIeKo,动力,0,
qDRM0dlXPp8OrV5c,油耗,0,
qdsQblgUxzyT6SCA,配置,0,
qdVEhQipBsv3mo9M,价格,0,
Qehu47VnvN3K9YRT,操控,0,
QerCbW0wclPDLtz4,配置,0,
QeWRtFNO38psZdVv,价格,0,
QFizbxCYV1p2lW36,动力,0,
QfnmAyTRoHFD3BEP,内饰,0,
QFpSIAhD5aToeVXU,操控,0,
QGdR5aHn1XK79Ly4,动力,0,
qgUbS09WpVX3AyiZ,动力,0,
qgVvFZ9DNJGUOf6W,动力,0,
QhA2giK3rFGqyEJH,动力,0,
Qhfdm3W92MqVYFp6,油耗,0,
QhkjeiV1ErtBvgIs,动力,0,
qHTgePoFxZpj18iD,操控,0,
QIEBnztdUWCoMrfL,舒适性,0,
qikxNH91BICXmv0h,动力,0,
qikxNH91BICXmv0h,舒适性,0,
QIYl9uAXF2nG1NVJ,价格,0,
qJKvFCUYW6OrQjz5,油耗,0,
qjWlTBFu1tcLgEdh,配置,0,
qKmpsoOUbTPkXzW0,动力,0,
qKup3OaEhAcr4j9v,内饰,0,
QKXzjGPlmC2Z1Sow,动力,0,
ql5IVQLAuTtxdWR1,配置,0,
Qlbo2pLd90z7UGTX,动力,0,
qm53KhCySUO2BpMY,油耗,0,
QM5k8ajWAtNRIyPn,安全性,0,
QmBvXAryeHuhtfjs,动力,0,
qMfJg57QDZ9mv2rF,动力,0,
QmfwS9loIdJ7LaAG,油耗,0,
qmi4ER6ZTsn8ztgW,动力,0,
qmi4ER6ZTsn8ztgW,舒适性,0,
qmIkb1ugD6Jsoc29,舒适性,0,
qmnpCVlIi7Wavr2R,外观,0,
qMSysNtEX5CYDfTA,动力,0,
qMSysNtEX5CYDfTA,舒适性,0,
QMTPOGAR4ktsIY3Z,动力,0,
qMXjHKWJAkZnQ3Y0,动力,0,
QMXweJDakp1PEAl5,动力,0,
qn7T4xiPdeFJwz1s,空间,0,
qnI7e5SMb8WOxVU9,动力,0,
QNlpVxrJF3AY5cnG,动力,0,
qotFAQ9scrwkneRv,安全性,0,
qov2fEeGFBSumkMD,动力,0,
qP1k0YOhcdzREZVs,操控,0,
QpfzcWDIxR1AvF3Y,价格,0,
QPthKf6B5McDV2jv,舒适性,0,
QqZAj4HpSK0y75Pw,安全性,0,
QRZV0Ilf9xevcyAb,油耗,0,
qs9VQ5YvC2Eughak,动力,0,
QsAikWdSP4wEgYbj,操控,0,
QsAikWdSP4wEgYbj,油耗,0,
QsdkXmp3CfGIjFNw,价格,0,
Qsgc5PTXVptI3wA8,舒适性,0,
qShaK8uJk2Pl3Ec5,动力,0,
QsJEd3uVC1MyGY9W,操控,0,
qSOBnPJWvVQLihz6,价格,0,
qT8OPJel4IWKZsVF,动力,0,
QTfzoUkqwyScpN6P,内饰,0,
QTfzoUkqwyScpN6P,操控,0,
QtGwFBAy4uCPIXq9,内饰,0,
qUOrxeMB2bJ1HjCS,内饰,0,
Qus4Rz3PmgfpAxH5,内饰,0,
QV1ZhGpeHYd8Tqgl,价格,0,
QV1ZhGpeHYd8Tqgl,安全性,0,
qXCVbIv6B4FLMs25,内饰,0,
QXevAwR5ZGK4qItV,价格,0,
QXg4iNJby0ahTIZj,操控,0,
QXg4iNJby0ahTIZj,油耗,0,
QxrDFkU3p4KaCwT6,动力,0,
QxrDFkU3p4KaCwT6,操控,0,
QxswSUHVgKLd4Pi8,动力,0,
QY3XbDMg9B1AGvuF,舒适性,0,
QyfA9cajHFlUV5KO,外观,0,
qYkCpdPWIMjZEObv,配置,0,
QYOJn9kNowsxSjVW,油耗,0,
qyZSFUTKCJkolw5c,安全性,0,
QZ76wmY4Ftzo2Acr,价格,0,
qz7cXGE5WDHZe6UI,油耗,0,
qZ9BdcISy6LeXVoJ,价格,0,
QZnTJSlAtR6X9KDL,动力,0,
qzpHrYbG9OEhjusR,价格,0,
QzYEeXMhNfPqCk36,动力,0,
R045mT1OV6ywuHbN,操控,0,
r0Q4wetdvyURslDN,内饰,0,
r0UPjhmNkdiBaVsQ,动力,0,
R1Q0LAhK6kzqJu9l,配置,0,
R1qDMOlpHPSZrQbL,价格,0,
r2xwTmNyk0P9AzVI,空间,0,
R3gdaMDYECHGbsWy,价格,0,
r4gZJSQlqs6kTLVE,动力,0,
r6ahvl4JCnG3sYgq,价格,0,
r6JTDOLuGZz0sWiE,配置,0,
R7IgubhOEU6iJj8c,价格,0,
R7UT2r5hAESd1qJi,动力,0,
R8BJ5tYQES1Zkidg,动力,0,
R8e2uSEVnvlrzsA1,动力,0,
R8e2uSEVnvlrzsA1,操控,0,
r98Wst1l6MN2uL5V,配置,0,
RA2smd1HFL43piCn,动力,0,
rAf9uzqygwLaDtbK,空间,0,
RApxjdfuzLSqMY9W,动力,0,
RatVKbMJLCPWn089,动力,0,
Rb2QSdHBaZgwNpJl,安全性,0,
Rd8C9NhKFHmi7QMu,舒适性,0,
rdFUWejlImM1Zb5x,价格,0,
rdILVHtx3QRYvEiw,价格,0,
RdVW4ePXvg3ELzBS,油耗,0,
RDW2fh0CxkvUS38u,动力,0,
rdwsW1oY2QzpOHKE,动力,0,
RDZCxo1LOWyk3pA2,操控,0,
rEiIDqORnYx4pLAS,空间,0,
rEimq1PbA2hoBs5Z,空间,0,
rEimq1PbA2hoBs5Z,舒适性,0,
rf3ZlaWBN9G7bkIi,动力,0,
Rf4TarbBFDqyJZkY,舒适性,0,
rf7Y2Tyl0iV8HwM6,安全性,0,
RHbz67heP2Tw38VG,舒适性,0,
RhI10nw6C42GJryg,油耗,0,
rhpDQEBITwcnWFf3,价格,0,
RHSf7IO64i1EL8Vs,舒适性,0,
RhxjHTiY2cL5MlJA,舒适性,0,
rhYUjvdnRWG26zN8,动力,0,
RJ4h8Bbz5sCHFAri,操控,0,
rjA1sqQ3yT27BkWU,配置,0,
RJajyzPo9tZEDLMQ,价格,0,
rJhDWCFQ7djz5bXi,价格,0,
rJhNma2RHYjBpO6v,动力,0,
rKwHt1LZAn4WBpy3,舒适性,0,
RkzGFEB0pMl92YOJ,油耗,0,
RlPADyUuawILr7vm,价格,0,
rLxOd1g4mkl6wBCE,内饰,0,
rLxOd1g4mkl6wBCE,操控,0,
rMSlLDFgANBsxn8C,空间,0,
rMwDN3OP6taoykVc,安全性,0,
rN4TBWY3gaR7JKGn,动力,0,
rnMaBl6bfAxYOtEc,动力,0,
rOCfb0vY9s6X7Hqp,动力,0,
ROYHwJP98q1u2xDd,动力,0,
rp1X5ZMtRqV7vTjd,油耗,0,
RQEv65GwjMesISyd,油耗,0,
RqgzQi5Almt9Ukdr,动力,0,
RqKNineJLolF57vd,操控,0,
Rqo4SBizYp0jfnyX,油耗,0,
RriMF60STXJdYuIb,油耗,0,
rRJOdmMc9wt81fe7,动力,0,
rRtpX9cbZgKymQUB,内饰,0,
RSlt8fHFz4MZJY3n,动力,0,
RSnNXYvecFL5jV2C,安全性,0,
RsWPEISYn2HmeMqL,动力,0,
rTI0ce4AXi92h3pV,操控,0,
rtqncCLhgVFQl6UZ,价格,0,
rtqncCLhgVFQl6UZ,配置,0,
rU1QVm62kb8FXA9K,安全性,0,
ruEVyZ725ShTBlF0,价格,0,
RUqX1O5gxN9VCl3k,空间,0,
Rut7EHXILF5voSKg,油耗,0,
rv2Jz1YXEFdsaMix,油耗,0,
RVajoTbBHUzgsxnF,动力,0,
Rw6cWZXVDIrzPGyb,安全性,0,
RwcpEZ8z3biok5jA,油耗,0,
RwcPNt0M6nBjQYEk,操控,0,
Rwd5hySLYXVA89UW,舒适性,0,
rweBGQNPMYALW6D7,价格,0,
RWlYjgmfHTvw9ACp,动力,0,
RWlYjgmfHTvw9ACp,操控,0,
RWlYjgmfHTvw9ACp,舒适性,0,
RYbl6xtKOfpqeBsQ,价格,0,
RYGwnN6AaLX3jWlu,舒适性,0,
RyosU8FkVOIS6vA3,安全性,0,
RyosU8FkVOIS6vA3,操控,0,
RyosU8FkVOIS6vA3,配置,0,
rYPGym7IhigHeZuE,动力,0,
rZm1VEHzRUDd9gPq,内饰,0,
RZp5vxEo1SAPTWya,油耗,0,
RzU1uvi3aqxsKQCF,动力,0,
s0gScGH6yVdJ3O5X,舒适性,0,
s1ku6P057icqytoZ,操控,0,
s1ku6P057icqytoZ,空间,0,
S2B1lfO0Z4soNeXu,动力,0,
S4DHz9IF5nAPbuyk,舒适性,0,
s4YESBjKqgWVaMCf,安全性,0,
S5unvNwqPj0FD1IO,动力,0,
S6eBDkrNAaRW2dpx,操控,0,
s6p4Mq5ClLFfHaIK,油耗,0,
S7b9FhLr2KA0DOVW,油耗,0,
S7b9FhLr2KA0DOVW,配置,0,
s7kWwiuMBtnZr8Yf,内饰,0,
s7wWIq4LUZFBD8Ru,操控,0,
s7wWIq4LUZFBD8Ru,舒适性,0,
sAbIWX27u6Noz5JS,内饰,0,
SaNYPEvWu7kVs3cm,舒适性,0,
SAoBJEVe1j7pZmrt,动力,0,
SaTHRNZeQkdt23qs,内饰,0,
SaTHRNZeQkdt23qs,配置,0,
Sbf7CXEP6UGx8VyT,舒适性,0,
SbTKGpVPRDh1aJej,配置,0,
Sc3vFXkZPKnI1Vrp,价格,0,
sD5TIB126m3WCeVx,操控,0,
sdfoDY8VCyiztuXA,舒适性,0,
sdPew5tFSb21pRAa,动力,0,
SE9lnG4TfrMoe7b3,价格,0,
SeJDCZ2galuI7rtF,油耗,0,
sEoYi80wS9yzQrNM,油耗,0,
sFO6qLYgufDGKEMv,动力,0,
sGDt9N6Kyq0oZ7U2,动力,0,
sGOye1pa6JNnCLD5,外观,0,
SgPDiKFckZoByTv4,配置,0,
SgY7OlHUI1quBniE,油耗,0,
sgYBGeIWc9E6pn7K,操控,0,
sHADBE3kdl8K0u1F,动力,0,
sI6L1Zk5FiOS0PWd,动力,0,
SIaigk2PCjF9DvwY,操控,0,
SIaigk2PCjF9DvwY,配置,0,
siLBZ1uYAmk7UlgV,空间,0,
siLuAzW4Da5JEjIn,价格,0,
sivwgBn4CjROtbyk,动力,0,
sj016OgEolxd3G72,安全性,0,
SjI3Jx74BrnyL10P,动力,0,
SJrqCpO0Wy6TLDGo,动力,0,
SjztWRM4hEdp9Arl,内饰,0,
sKC07Zw6xYVud2M3,动力,0,
sKc7QVNflxuOwS6I,动力,0,
sKvfxIogtM9w6P8A,操控,0,
sLfOzQt2ZGnWYU3c,动力,0,
sLfOzQt2ZGnWYU3c,操控,0,
slUGxjMefoN18pSw,油耗,0,
sm1kEP2juf9IpSHg,动力,0,
sNFurSKzyl6gx4TO,动力,0,
SolgkM3FNEjR84ec,操控,0,
SoOcvB2pAYr3PxWJ,内饰,0,
SoOcvB2pAYr3PxWJ,动力,0,
sOvF7CPL9NluW2Q3,价格,0,
sp8WPoS0KaD3BNcq,动力,0,
sPQ2TAxbIJz1cKit,操控,0,
sQ0neqJ5vif16E9h,动力,0,
sqanyu9NJg46mQRk,油耗,0,
sQCO5W4fEUgyAnMR,外观,0,
Sqio26y8cVlMACxU,空间,0,
sreaqoEHzXWDi81B,价格,0,
SROj69ugKWraE2hp,动力,0,
SrRBqfMiZhpmNDA4,内饰,0,
SrRBqfMiZhpmNDA4,外观,0,
SrvQWUf0J9TBstIG,动力,0,
SsxDWnje8X7lLQuP,价格,0,
stMYAflOgZERhCBw,舒适性,0,
sTn6bM4wQFP8Xd0C,价格,0,
STw6io3lk1AgzadD,动力,0,
Su15KJ8HlqE7ZopN,油耗,0,
sU54h3mwCEt2VKQB,动力,0,
SUfshiBzaFG2MlTx,油耗,0,
SvLKNTptwurIbgqm,价格,0,
sVorU2Nfk6l4ZwhL,动力,0,
SwBCRniZHF5UWpEd,动力,0,
SwBCRniZHF5UWpEd,操控,0,
SWfh5LtO2IN6jBe1,内饰,0,
SWfh5LtO2IN6jBe1,操控,0,
SWmhox6p0zcFLdXe,价格,0,
Sylg42V6e0ZP5JYj,安全性,0,
szCjf7dIgc6i59uT,动力,0,
szQhYfagr3GFI2Bl,油耗,0,
SZw3otc7Vr2dGM1L,外观,0,
T0EqRdXtPw9vnB5o,价格,0,
T0EqRdXtPw9vnB5o,动力,0,
T0F7POo4aE9zYUjr,动力,0,
t0o6uAvEZm3W9T7x,安全性,0,
t14mBMzwpNU2VLS5,空间,0,
t1jbCJEovSgcsZU9,配置,0,
T2vALKieVdrt89jx,配置,0,
T3lzNQdfebJC9gkw,安全性,0,
t3uPafBGs15YezUT,舒适性,0,
T4wsGlqAJkx7j5h1,动力,0,
T56GHVsjQqRLfk9a,动力,0,
t5BQH6yA9vosfXrp,动力,0,
t6hBsQ4DkEWeC5Jz,内饰,0,
t6hBsQ4DkEWeC5Jz,动力,0,
t6hBsQ4DkEWeC5Jz,操控,0,
t6hBsQ4DkEWeC5Jz,配置,0,
T6sEwlu452DeXoQx,动力,0,
T7AZlWtgSwqvXMIr,安全性,0,
T7FrsZGNIUbaSy8g,安全性,0,
t7fwyL9TEgxqUu3O,价格,0,
T7KG6JVYpwmegNas,动力,0,
T7MXaZzobHAEevWh,动力,0,
t7wmF2oOs1p0nfEu,内饰,0,
t8WroCexRpMEOP19,空间,0,
tacLV17bRwdJv8iz,外观,0,
tAinZ7QImbDCcjx2,外观,0,
tAinZ7QImbDCcjx2,操控,0,
tAzf1KhY5BmiJEGx,动力,0,
tbchz3FKXOV8Avo0,内饰,0,
tBFN1GgxMVRUL5JO,价格,0,
tC8UYFl6TMjgoA9p,油耗,0,
tCdevbO5YG2z1Ko8,动力,0,
Tcv6l4rFMJjsfuW9,内饰,0,
tCxEnfYBhgs7blyT,动力,0,
tCxEnfYBhgs7blyT,配置,0,
TdJjBmAsqD42N1f3,动力,0,
TdJjBmAsqD42N1f3,舒适性,0,
teB1IsAaDfXq5F2v,动力,0,
teB1IsAaDfXq5F2v,安全性,0,
teB1IsAaDfXq5F2v,舒适性,0,
tEcOYJCaZybXzMFP,价格,0,
TEGXg0Qd32k76V1Y,配置,0,
TELlKuOAncpPf5kS,外观,0,
tF3EONPbSDM6cm8d,动力,0,
tf49QqA5vFhgKW8I,安全性,0,
tfFP7MavVYbDhrnB,动力,0,
TFoPKGgZjh53Yzan,配置,0,
tfRGol0jcM5IEdQY,动力,0,
TfWLqnjiug0YtkEF,价格,0,
tgcu7IBKUePdri1q,动力,0,
TgG8ZtOj0hcJNyuX,舒适性,0,
TGkIYeUp1X0MZO6A,内饰,0,
TGkWAxZKnVNwCt0m,动力,0,
TGXDwhNWgRIYiOtE,价格,0,
TGXDwhNWgRIYiOtE,动力,0,
Th0SJ2AplViUvNLW,动力,0,
tH7Dp5uVcxNawmig,动力,0,
tH7Dp5uVcxNawmig,操控,0,
ThbwuYadivBg4Mef,空间,0,
tHOJLv42fxCP5EYX,安全性,0,
tHOJLv42fxCP5EYX,舒适性,0,
ThSpLZIMXuAdobz6,安全性,0,
tIsKBilvdO8Rr2Fu,价格,0,
TitOjYKc0MvonzpQ,价格,0,
TJGtVuAqcIndEmUF,油耗,0,
TkC7aBWiLf12hdAm,价格,0,
TKyLhStHjGfgcAYq,空间,0,
TlwfPYd3ZMhtnQHF,配置,0,
TMzdJZbi2mF8SklW,动力,0,
tN6MXRKqwC7audky,舒适性,0,
tnacRlzmiPKGv7Ws,价格,0,
tnUd1YPvsZFhTmHe,空间,0,
tnw7LK4fsOW1cJDV,配置,0,
tofbYMTiFH2G46Lk,外观,0,
tONW7pUd19yClvMn,操控,0,
tOuPf0mWJa46GVqM,动力,0,
Tpfd4get6Lv0mqZo,动力,0,
tPlFvnpuUXGChYVL,油耗,0,
tPXgqop4imrChxZv,动力,0,
tq3e4EaTLP6AxniF,空间,0,
TqZGCnshbLYX6KuB,价格,0,
TqZGCnshbLYX6KuB,内饰,0,
TRfAb9aDLKMcIBhY,动力,0,
TrHKo60hfb5XgQxE,安全性,0,
troDIwqPBikX8gz9,配置,0,
Ts6A94ybHQJz0DuY,价格,0,
TsGNmhSYecipZUL0,配置,0,
TSnw183WKMfqAJgF,油耗,0,
tTHglGke0IYxshKm,舒适性,0,
tTMXmyJ5YZlkcQ0x,操控,0,
tufMYUc1wBF8oRzO,安全性,0,
TUGbF86Xki7SZaBV,动力,0,
tUK68am4dBGZ5PNi,舒适性,0,
TuL7PBi90yEZ2Iqe,安全性,0,
TUqdmvuweNs7VgLo,配置,0,
tVJBblxI5fDuj1zi,操控,0,
tvM8gwsz7opS35Z6,油耗,0,
TVsBmbGqjhAW9SoE,价格,0,
TvXOk7PeSBf48UKo,动力,0,
TvXOk7PeSBf48UKo,舒适性,0,
TxHO3MrInw0Gsyfp,价格,0,
TXQVbZEclh987SgG,价格,0,
ty3lmWqOfcoxJFdu,外观,0,
TyIGZ4rlP5bNWD8a,动力,0,
TYJm6M7bfeNCUjsn,动力,0,
TylheOxa4jLnP8RX,动力,0,
tyUXoqAPcMievxh4,动力,0,
TzKVJkbdr87pvgt3,价格,0,
tzmbyghZOv8ncsFr,安全性,0,
TzZBu4SVhmIYKsWJ,操控,0,
u0giDM5VBxyrw7fS,舒适性,0,
u16U9PIgkQ80dSbN,动力,0,
u2SAV1sWgGb8R6HX,动力,0,
u2w6VIRTk7AKeHQh,舒适性,0,
u3ELhOpzrKIe86kQ,动力,0,
u3xzSwtX8B91a0Ap,安全性,0,
U54l8So0uNYgxBKm,价格,0,
u6h4MQcliDR0Gvq5,操控,0,
U6HiXhy5EdmVILs7,安全性,0,
u6LplXztg4QemM2q,安全性,0,
u7oxLaSUrNYR0zme,空间,0,
U7sQ49o5TOrwMtau,舒适性,0,
u94HNe6Wx15kgiMv,配置,0,
UAB0D1Fp5nsYfx27,空间,0,
uaoNjw5elscn4zfT,价格,0,
uB0smN9cJDVvW3OM,价格,0,
ubB4FhQT8VE2IzNl,内饰,0,
ubB4FhQT8VE2IzNl,配置,0,
UBCwFRehrLxV6Ajd,配置,0,
UcV423rgJKj0eFY9,操控,0,
uCZEPzNa7OAJRgsq,油耗,0,
uDgxvrtlLoRdqwnN,动力,0,
UdmL5AT6jN70fHBW,配置,0,
UdnhRuTIwJMiNe2z,空间,0,
uDtwCPnasEN8OmG5,内饰,0,
uDtwCPnasEN8OmG5,外观,0,
uEl3KfwqMPRyLJaH,价格,0,
UfueIcA9jTxQlyVD,油耗,0,
ugr3tKDGlfL2bxmF,动力,0,
UH1ygbuEN3RArXw8,动力,0,
UhL7IoqHwgG9liPm,配置,0,
ui3HD6MwE0C91Bfx,动力,0,
ui3HD6MwE0C91Bfx,操控,0,
uiDx5pZMyFQf4o0P,操控,0,
uigjd6Mzn4wkmFUW,操控,0,
UilqHaNYv81TwKdg,舒适性,0,
ujHMKTiOAhUNwfIn,舒适性,0,
uJnBzmy8SqbirTWH,动力,0,
UJVEyCPBwfK3eTZM,动力,0,
ujyUE1GgOiamPknR,舒适性,0,
uk6OU3Y9XHIMW2f5,价格,0,
uKGFWNsDndp7qXv4,价格,0,
uKtG7lksyYmHZVWc,安全性,0,
UKtLYzgswneORPxJ,动力,0,
UKtQ85o3znxMfj2D,动力,0,
ukwa5DPsrofCnqHM,配置,0,
uKYxXEaT3OS6PvrR,舒适性,0,
ULBpdzkl3c1wNEvK,油耗,0,
ulP4OwXp0Y9jMIzn,舒适性,0,
UM8kywSXKfbYQcnB,价格,0,
uMBfZtAY65bgHULG,安全性,0,
UMDLXZNhwbJ4mzyH,油耗,0,
UMgmnwFDkQ57quJX,外观,0,
uN9hU6YjVScsPymE,油耗,0,
UnORrCW5imjG46YN,动力,0,
uNWHDbaS6AnLRptz,空间,0,
uO7UKTzDlGZHX8Y3,操控,0,
uOiTQXnA7DdeGlE4,配置,0,
uPiEZ6joGKedW8wM,安全性,0,
UpyB13Nfs4Rigmew,动力,0,
UpZhifFH7NkncTCu,动力,0,
UQD5LokmKdVpe8yX,动力,0,
UQD5LokmKdVpe8yX,操控,0,
uQf1qcnylIO6Ww74,油耗,0,
UqZM6uAxszBc1nXF,安全性,0,
Ur2VS3Zex8TcoJC5,内饰,0,
Ur2VS3Zex8TcoJC5,操控,0,
URB8SHZrloct0QKf,动力,0,
uRVzyFfE6TXvKB3q,内饰,0,
uRVzyFfE6TXvKB3q,外观,0,
uRzgbajvM3KdiB90,价格,0,
uSWZ5pgaqUzLr8By,内饰,0,
UtF572YR9dOSTZGH,价格,0,
UuZVTzFeAncL1hDC,内饰,0,
UuZVTzFeAncL1hDC,操控,0,
UuZVTzFeAncL1hDC,油耗,0,
UvaPbRZ5JFK3wmjk,配置,0,
uW0cqjdIwbOVNQDC,舒适性,0,
UwcLgZ46eF9RJmjW,操控,0,
UwcLgZ46eF9RJmjW,空间,0,
uXHtigwj4A8BRPSr,空间,0,
UxJQXCILAogNEidy,操控,0,
UxlpHMVL1Eh0Ocrm,舒适性,0,
UYD0X7qcWnyEt4rM,安全性,0,
uyLIQCTFt4cSDf0g,操控,0,
UYoSmKsa3MPW40c9,油耗,0,
UysFWbPkMYRgTIDO,配置,0,
UyxlinJ7bpGdBqK4,动力,0,
UzbOI5rnhRyQ4txl,动力,0,
uzJmoAVTdZaGWBSL,空间,0,
uzJmoAVTdZaGWBSL,舒适性,0,
uZUnghM463q5FBPi,油耗,0,
uZW4Fl7NDHXxUEh6,价格,0,
uZwfpOtJscU7HBNy,动力,0,
v0GMmpUez6ScOqHh,安全性,0,
v0wXydUuQ9iRFPT4,价格,0,
v0wXydUuQ9iRFPT4,安全性,0,
v17Rw3OA84CMdZWr,油耗,0,
V1zxX9tuTpnydewM,油耗,0,
V2JfMFgO4qnRBiky,动力,0,
V2mcPXtMYQkprzn0,油耗,0,
V2mcPXtMYQkprzn0,配置,0,
v2ygDL3zGxcU8OCj,动力,0,
v2ygDL3zGxcU8OCj,操控,0,
v3bSxPr20ZaGpL7y,动力,0,
v547hCpQAftxyuXo,油耗,0,
v5MQbiOLRWntqeYV,空间,0,
V5ONywCZ7anJigXc,外观,0,
V74tPjWKBL9fTa0b,油耗,0,
v7CZsNOqIHUErLtu,舒适性,0,
V7updoF6TA2Rt4GI,动力,0,
v7XElo6ugDVJCApt,动力,0,
V8jXoyxaC15zSLWw,动力,0,
V8QZUtzogw1KP2Se,油耗,0,
V8sBJtlKfFMqRQX7,动力,0,
v9DG64Whi7semNkT,价格,0,
VazJfje5WUdsNGb4,安全性,0,
VB7AJ1XZLTUqfcaS,价格,0,
vB7MqmPbOV6jJIrc,动力,0,
vBilHXtx014gNLhm,价格,0,
VBMi0cPfp1jTeqU7,动力,0,
vBr3KAkhJO0NgR72,空间,0,
Vbs04SQyMcBFOvDn,油耗,0,
vBVArdqtSjDnWNE4,价格,0,
VcfsQ9DbAYFgG8qd,动力,0,
VCl6uDjSnA7Fr1mo,油耗,0,
VcloadQ5IRCq81Sv,配置,0,
vCmPkMroTOSBFpQe,动力,0,
vCmPkMroTOSBFpQe,操控,0,
VcpHwTgsYSeZboia,安全性,0,
vCs3YHTMlypiI0WE,配置,0,
vdMKCsxqjzo6ak8Z,安全性,0,
VDRrx32mInLMO9qC,价格,0,
vE6dRgQUrSDaBxsV,动力,0,
veTYFarSfzcP5GkR,操控,0,
VfadW2iZnjkUp5Fx,动力,0,
vfAOo2rZNmBMDFxb,配置,0,
VFbpw7G5KYWu6l9c,动力,0,
VFCaEMvmjNet8OsK,价格,0,
VfDSX0dCl6IGHvPB,油耗,0,
VFETxXvAO3gwC6iI,动力,0,
VFETxXvAO3gwC6iI,操控,0,
VFJOdewu6ELcvAo8,价格,0,
VfM7G1Skpn9whuvA,配置,0,
VgFofy2Bjx1l0dtu,内饰,0,
VgFofy2Bjx1l0dtu,外观,0,
vGIMETebWFQ5ufNR,安全性,0,
vH1SqNtuWXgKmAh7,动力,0,
vh1ZATUb42LPH8YF,价格,0,
vHGV9d5YrjW1Uqnf,外观,0,
vhN5AqIMoJS1e70P,操控,0,
ViFgZkz0CyBT9smW,动力,0,
VJLRlUPXgdDv2xjk,空间,0,
Vk9R0yGBmc2iwAsC,操控,0,
VkHTKOsovDzRBNEq,价格,0,
VkHTKOsovDzRBNEq,配置,0,
vkiDmOrg6YMR9wLG,动力,0,
VKsqOm4p3eGbQZyM,舒适性,0,
VL6COkU2E4JWHIMl,价格,0,
VlcFGNf3qHkEYLb9,动力,0,
VlcFGNf3qHkEYLb9,操控,0,
Vldhqo2PcyLtkNHZ,动力,0,
vM80OhSQVXr3jkHw,价格,0,
vMZbtDaxgCwchHz2,外观,0,
vNqLCk4pX3OWIHiu,价格,0,
vNqLCk4pX3OWIHiu,操控,0,
VNu9bLsaj4BnZeEO,动力,0,
vnzskIMjG15LXTpA,内饰,0,
vnzskIMjG15LXTpA,外观,0,
vOAkcpsmbTtZHjEL,内饰,0,
vOAkcpsmbTtZHjEL,操控,0,
vObG5Z1NKcqdIWtP,配置,0,
VoR4jZbApMHYTNKh,油耗,0,
voUsj3i7Imyc2ESQ,动力,0,
voUsj3i7Imyc2ESQ,外观,0,
voUsj3i7Imyc2ESQ,安全性,0,
vOZxGta1cYl3rVTL,安全性,0,
vP7XT5QtpCUaO6oH,内饰,0,
vpADCQui1NM5xwlz,动力,0,
vpJZfSxd42wAe9WT,动力,0,
vPU95yIOslXwx2ju,动力,0,
VPxsiDSzFk98Tg6d,动力,0,
VpzMKwXLShPECet4,价格,0,
vQCi8EUfRgwI9TpB,配置,0,
vqcoLjMlTG53JxNW,价格,0,
VqGwzngNSL7Mb3EI,动力,0,
VrflDkNwHLa4pC3u,内饰,0,
VRFmxCf8HQ5XEgnT,动力,0,
VrHeXBOF1zgcylUN,动力,0,
VRNwK9EsYqhMg0Ir,价格,0,
VSP7eLF9Jbjfu4Br,安全性,0,
vSsod1RTuC02wBkH,配置,0,
VsxpOz91LNeShjkH,配置,0,
VTAlj2boQ5cEJM8H,价格,0,
VTJfx1SlGX0EWqmC,安全性,0,
vTPagwJ4VYsfhm52,动力,0,
VtvDOwEdXgUSAu9k,配置,0,
VtwgR9ofeZmOCANF,舒适性,0,
VtZnpfMBIDx8WKea,外观,0,
VU0RPCKi9Qw6nXHt,舒适性,0,
vUNh3ibAXWyCZaoT,操控,0,
VW3YOwc8MFEszAQG,动力,0,
vy70l19zSQAqCnm5,油耗,0,
vYNGufqTmlAPeZK1,舒适性,0,
vYpAfCqb1rxQ8lcj,安全性,0,
vZ5PMdYsQ0NGjrk1,动力,0,
VZ6c23rdy1mlXihY,操控,0,
Vz9Q1t38ebhi4AKG,油耗,0,
VZDnpGLadYWrf6Ri,动力,0,
VzrmwkMB9vG0bcLW,价格,0,
w0Uz1t3XimJlSaKP,安全性,0,
w0vDhtJOErV8nukc,价格,0,
W15IhFiO3xz68GgD,价格,0,
w16LVQWBdNMqSRvO,操控,0,
W2AquMIrtsLaGfQR,油耗,0,
W2i8sY1bweDGyvAt,价格,0,
w3c2HAeSldfDvQm4,操控,0,
W4kMPxlK9EHr7wiy,价格,0,
w4zImAeJsKXSfPBj,操控,0,
W5xzEusGHUwOXD4L,动力,0,
W65PAKH4NTGvn7f1,外观,0,
W65PAKH4NTGvn7f1,配置,0,
w6gFWhnjlQTJzyXZ,动力,0,
W7243Aq5EMuzcXfO,配置,0,
W794Tbpej8cHDAF0,油耗,0,
W7XoFQfCayVcirSq,操控,0,
W8Km5QsNDR2BjZIy,舒适性,0,
w8viVuC1AzlN0THQ,动力,0,
W9oizjpbQcfZUaKu,价格,0,
wbrkPjQq8fGVXA0E,动力,0,
wbrkPjQq8fGVXA0E,安全性,0,
wbrkPjQq8fGVXA0E,操控,0,
wCcFROnhVUIWdkBD,价格,0,
wE7pTnLUD95fBsz6,配置,0,
we9fKXxcvaRoUEzG,动力,0,
WEUTD3jL16QGJPyv,油耗,0,
WEUTD3jL16QGJPyv,舒适性,0,
WF2bhMLf6lIO30S4,价格,0,
Wfk6IwhEMS7sy8mF,价格,0,
WfPR95n7tLA3bZjm,舒适性,0,
WFs2RrKfehkQj4Lt,内饰,0,
WFs2RrKfehkQj4Lt,操控,0,
wGFjKEzTLPH6lr3m,动力,0,
wGzUEB4JNXbmapxf,价格,0,
WI4XNKunsRT1U2CZ,价格,0,
WI4XNKunsRT1U2CZ,配置,0,
wIFpWOiR2stjeJ4r,操控,0,
wIK6QZCX1b0lcHs4,动力,0,
WiQfjn3Z6GpLVBTF,油耗,0,
WKHzD6SVNQqe0B1v,价格,0,
WKP7cVDQwkmBjxus,油耗,0,
wlBVp4KS2aXTvHxs,动力,0,
wlBVp4KS2aXTvHxs,操控,0,
Wlihz8pDbuxIaLVK,价格,0,
Wlpk4ro6nPM1evGq,油耗,0,
WMP1hwHZX3nl25dY,动力,0,
WMxvsihNuYCRI6rZ,动力,0,
WNAj21p7dSlBD6Ub,动力,0,
Wniy5cMDj9L0Kksr,动力,0,
WnKbPUytNC2hw6F5,动力,0,
wnLfUQPj3WV89moq,油耗,0,
womYNi94TCK58S6H,舒适性,0,
WOrnqwPSCEi16B3x,动力,0,
wOz5WhRk0JSegv9U,操控,0,
wOz5WhRk0JSegv9U,配置,0,
WpDx8ANI1uKYO6b3,价格,0,
WpDx8ANI1uKYO6b3,动力,0,
WpMQKiL6CUBvjgu1,安全性,0,
WQa1uFr6IqEdR4yk,动力,0,
wQVxDnSzlfvFmhiu,动力,0,
wQVxDnSzlfvFmhiu,油耗,0,
wReCqWZ61mPfVjzl,安全性,0,
wrqsX9RzjuOtJ3TU,价格,0,
wRZ8OLH6yXj7BapF,配置,0,
WslfAg5tBc8inNYo,动力,0,
wthJQbcKiGAuzSWO,动力,0,
WtJleQvq56LXOGiK,动力,0,
WtSYMroV5zJPHqsb,动力,0,
wtui94eZoL8B6gd0,价格,0,
Wtw7C0rHVdpf1uZq,动力,0,
wUa8DqnkcRAsl3yK,油耗,0,
WV0XGxA8Me2aiY69,舒适性,0,
WvDLcAmfjT7kh1xl,价格,0,
wVfDpUM4WxeBPd3H,配置,0,
wVkSpIexyFKuOMqn,油耗,0,
wVn69apiMGlOkFjZ,内饰,0,
WvQLbKMZd9iPuIV7,价格,0,
wWQx7EioBdXusjLG,动力,0,
wWQx7EioBdXusjLG,油耗,0,
WwViuTSI4tPlKNZy,外观,0,
Wx9Cc10ksY3yZnqm,动力,0,
wxcWtn0VP2yLGkqE,油耗,0,
wxiAcU5o6YDOtbaz,配置,0,
WxLkU2YbIs7OqFZA,动力,0,
WXS0LGftn97CkDzZ,操控,0,
wxygcapzBQZejh5b,安全性,0,
WymrcgVSsi5pEGBP,动力,0,
WZ4CDEFNIkB5yLHz,操控,0,
WzDVygdIucTEOqen,内饰,0,
WZQ8f1CgKTorzp2u,动力,0,
X1erqpJ98SocPEk4,价格,0,
x1Hur9TndGtz2yFS,配置,0,
x1QE6aGmZ2T8JVPi,油耗,0,
X1UwBuDcbT8xg4I5,操控,0,
X1UwBuDcbT8xg4I5,配置,0,
x2BK418tTZjlXNUu,操控,0,
x2Tb98iJeGcLyBWA,价格,0,
x4licowmNqEPgVYX,动力,0,
x4VjfR61LqPsCXUS,价格,0,
X6RUxBoaVJbZDmWY,油耗,0,
X6UqiRpG7MyuZ4jh,油耗,0,
x70iaYIlXFtyvs2e,配置,0,
x7iYXSOasdWM3goQ,空间,0,
x7VlMCp4TLhFcSnK,动力,0,
x9aO3zs6QbNrUhle,动力,0,
X9I3e2aOoxvpDFgA,油耗,0,
x9t0myE5fjq8Kk4J,动力,0,
xanlvEPc4dCZuyU3,操控,0,
XatP5bpc0o9JNE6v,动力,0,
XatP5bpc0o9JNE6v,油耗,0,
xBR0mYqDpUrjI3hl,操控,0,
xBR0mYqDpUrjI3hl,舒适性,0,
XBsjUYeh5WJK48Sb,动力,0,
XBvFAZ96JflwsoIh,配置,0,
XcLs6WGKHnwAkp7i,动力,0,
XcLs6WGKHnwAkp7i,操控,0,
xD08bUzlwrOGnWC3,价格,0,
xdbi7jvmIt1XAewN,内饰,0,
xdc1QyNOITe3gY0V,配置,0,
xdHWFw5qo9LSfkPe,配置,0,
XDp1TLFGxMIPVAt2,动力,0,
xdrmwBbW5fvQEV2n,油耗,0,
Xe1qJrVjCndzE0Gg,安全性,0,
xe2jkmgyiv3VSRY5,价格,0,
XFBPua46AoprYQwL,价格,0,
xfOmJ5ozDWPFQNyb,配置,0,
xFTQuBCNeGm43ng5,动力,0,
xFTQuBCNeGm43ng5,操控,0,
xFW2caAqhuGnVQI9,油耗,0,
XG0uidtzQnYhlbM3,动力,0,
xG13lctd2YA9u7Iw,配置,0,
xGBoaEyDFJdOvbLN,动力,0,
xgLeq5jbvTJQHRAX,动力,0,
XHEZ6pnkmBKrhIt5,动力,0,
XhGk5iNIoWQsfAg4,动力,0,
xIBZaMKX3FEeUOyV,舒适性,0,
xIBZaMKX3FEeUOyV,配置,0,
XiOFSuPHj4NM9Tsl,安全性,0,
xiTtYMKs4P2L75Fo,动力,0,
Xj3vaCWzhr2t76YI,动力,0,
XjAn2Rc4rfWxHo9N,价格,0,
XjhPSYLmoNgGUbRt,配置,0,
XJLxDmjp76Sn2fTc,内饰,0,
XjrYaOCv2DTSB95h,外观,0,
xjvQ0HMsNbt39Iuo,价格,0,
XkF64poZy8Mjnczw,外观,0,
Xki3ZFGDdhK8YHAC,油耗,0,
xKld3ZLgcH4XjsTz,动力,0,
xlSTzG2vj5f4ybPk,油耗,0,
xlSTzG2vj5f4ybPk,舒适性,0,
XM75y8oY1id63T2L,动力,0,
xmjJtz4ELioncHlK,价格,0,
xMKtghHfbdZEp10J,空间,0,
XMxmHRi7tv9c2q4K,油耗,0,
xneBcLK6FgmiPaCR,配置,0,
XnI6230uODQ8jL5S,油耗,0,
xnyj1Z7IlpM5c6Lw,动力,0,
xnzE8sIOAGmXcR3Y,操控,0,
XOedpz319L8GqoCW,油耗,0,
xozgOyijcwhrN1Pb,配置,0,
XPhkBv42pmL9ZA65,安全性,0,
xpKaRH3JqO0uDCA7,动力,0,
XPpmCzIexYSNvay4,安全性,0,
Xq4La1WBDHOR3Cv8,动力,0,
XqC1eOHti7fbPVUD,油耗,0,
Xqnux1VA0vt28PMl,空间,0,
XqsbOv1MDiYRkeLU,油耗,0,
XrDobqJleCQK2tkm,舒适性,0,
xrQ4Z8GFhSN9TqJC,动力,0,
xRWHtTaynUIfCv2z,油耗,0,
xRWHtTaynUIfCv2z,舒适性,0,
XS7YFvOUjxHcl5nd,空间,0,
XSfoHCu3Wz6ZVmFG,价格,0,
XSGh8wlsPUkBLMFd,动力,0,
xtgi6o8E1pafldzh,内饰,0,
xTjtsDv0By9GIQdu,动力,0,
xTjtsDv0By9GIQdu,安全性,0,
XtrdpSVsWKwxiT6f,配置,0,
Xu8zjw4FQB97Eice,内饰,0,
xug70aylNOHDJ2dW,油耗,0,
XUPrOnvAatZQpxBq,操控,0,
XUPrOnvAatZQpxBq,舒适性,0,
XUPrOnvAatZQpxBq,配置,0,
XVAkJsF2CNBjudvm,舒适性,0,
XvFw8ZC7QWt2ch54,空间,0,
xVX0kMyptqGcoBSs,外观,0,
XW0YjSN9tlhVZQwd,舒适性,0,
xWF5J3OseTQDbZkl,价格,0,
xWF5J3OseTQDbZkl,油耗,0,
xWGM3aZN6wSi2D7U,配置,0,
xwj50t9IGuSlCyWO,动力,0,
XWj91EiSnNw4CDc7,价格,0,
xWKNrucHPty62RAq,空间,0,
xXmP1IAdBYJUbZjN,动力,0,
xXPtj48MGDfLWOQU,价格,0,
XxvRDOekwY0u3Atl,价格,0,
xY8bLk5wSl1p9CsK,安全性,0,
XYceNLjTSHUvAxWs,动力,0,
XYceNLjTSHUvAxWs,操控,0,
XyW0dRGZkSmt4bqs,动力,0,
XZaqnPhHRFO4UgAQ,油耗,0,
xZhSvLrKtu937VaF,价格,0,
xZoOWSHAhEBeVNXa,内饰,0,
xzqNUyROcWujCJiS,动力,0,
XZrbAFSR4pIdOMu2,内饰,0,
XZrbAFSR4pIdOMu2,外观,0,
xzwYK9ejb47kENAc,动力,0,
Y18GQtU7nbBkVSo4,动力,0,
Y18GQtU7nbBkVSo4,安全性,0,
Y1UGNocPBTeykJL3,配置,0,
y1UQMf0uOWLKszI6,油耗,0,
y2eNL3imUwMSEqxA,动力,0,
y2zEDkNK8TxVf7Zu,动力,0,
Y3Kbp6xTIkefErvG,空间,0,
Y3Kbp6xTIkefErvG,配置,0,
y3mr8vCo67huqP5i,价格,0,
Y3ybIuhDrcUNWLeA,价格,0,
y46gVf3YaqlisLht,价格,0,
y4fI2rBFg65HQbh3,外观,0,
y5ZvV3ICtlpiaBAu,外观,0,
y5ZvV3ICtlpiaBAu,空间,0,
Y6ClzjS09LOeouf4,油耗,0,
Y6Z2Uj7GAVh0DqNw,价格,0,
y7oa6OdDGTB245Kw,动力,0,
Y7Xmp2UNSauBLwsz,动力,0,
yAcMwjSiT8bQZBlp,油耗,0,
YAiczHbTB73nJRGI,油耗,0,
YATxZMyuVpIjnO01,动力,0,
yb4NTqm3xc9wJWdi,动力,0,
ybLhepYUtIZ0ij4P,舒适性,0,
yBpXOKzorIt0db27,外观,0,
YbqyjBPAhNoQSpwO,动力,0,
yD65knHrei8JPwNS,价格,0,
YDJfjRUuAipIkFrX,动力,0,
ydu2c6FKkMIviEpX,内饰,0,
Ye2OWzCRF5yBsxVi,动力,0,
Yer3jAuER2mcPJxO,价格,0,
YewMdXr48oS7bCnm,动力,0,
YEXOHrnv0qzcpwCm,动力,0,
YEXTRa4SbdwJjCqB,空间,0,
yfa9EuY2R5bMPjx8,舒适性,0,
YFbRcMuBs34evw6o,油耗,0,
yfLTEYWtA309vjKR,空间,0,
YfPFoUhRk9QOSvJG,舒适性,0,
Yfu7UhCDnWxB0mIj,价格,0,
YFzfV1wPH5XS4BLq,舒适性,0,
Yg5XT0B9sxmMvSJR,配置,0,
ygBOQPtSonWF2cLV,价格,0,
YhPbyEAMcNzWVtJC,动力,0,
yHv5QuTzcUJdGnKk,油耗,0,
yI1ZfOG5xcaM6jsK,价格,0,
YI9CkKX57D36Oyuh,动力,0,
YiCetERFGSJwHNvT,动力,0,
yiu0S52ETaRAIWPN,安全性,0,
yj3bJmWrwUex42a7,安全性,0,
YK2Mxlwg7J3p84Ec,配置,0,
YL0teESXMzhb35pV,动力,0,
YLsTAJa4O2Whd90m,内饰,0,
YLsTAJa4O2Whd90m,动力,0,
yM4Kun3LFtEOmS9r,动力,0,
yM4Kun3LFtEOmS9r,操控,0,
ymQP6TtK8fJIprnA,操控,0,
yn0LMvtUGcO4sDfg,动力,0,
ynMVR5haZvIl4PS3,配置,0,
YNUTw9k3gHCmP2aQ,油耗,0,
Yo9VZi7IKaUNQde4,动力,0,
YoBwDQ1OinM5tp0m,安全性,0,
Yol2BytNxJk3ceg5,动力,0,
YoP72y9uhV5eMT8H,操控,0,
yOZ2nUL6gKNorVYl,动力,0,
YpkzC7WUEFZiyomJ,安全性,0,
YplbOEoe2VGmAzh8,舒适性,0,
yPpgEmG4hjw02ocJ,价格,0,
yPpgEmG4hjw02ocJ,配置,0,
ypsmuowJvPZ346Sq,油耗,0,
yPY2bfiU6ClOEKHF,价格,0,
yqGfC7alF6wcSJzT,油耗,0,
YQhjJAHtcdZB9ULi,配置,0,
YQhob5C46vXs3rmZ,价格,0,
YQhob5C46vXs3rmZ,内饰,0,
YQhob5C46vXs3rmZ,操控,0,
YQhob5C46vXs3rmZ,舒适性,0,
YQhob5C46vXs3rmZ,配置,0,
yQNTA0skWSHhJj7F,动力,0,
yQYi64UgAvxtZTqP,安全性,0,
Yr6EOlNuKhzV4dIo,空间,0,
Yr9jGyVe84kt0UPE,操控,0,
Yr9jGyVe84kt0UPE,舒适性,0,
YrAvLfMpVUqoE37I,动力,0,
YRdV5tmOGvEPiX4o,动力,0,
YRdV5tmOGvEPiX4o,油耗,0,
YRUbM6i9zrvudCmG,配置,0,
yRZgdSpvLtExKws5,油耗,0,
YSno36407zMUxGmi,价格,0,
YSuVIEMzDT9w1B5Z,操控,0,
YTeuI2gMSBZblAnz,配置,0,
yth6sojGw9bxR0MI,动力,0,
ytk2rAzq7eZS5cvM,操控,0,
ytpIq6oTJvF5R1xZ,动力,0,
yuH4ozxsrX6IGFeP,动力,0,
yUi96sMQlkHCZcVd,安全性,0,
YuPEhIOaQytH3wbs,配置,0,
YUQ2oKkJswfilPgp,内饰,0,
yVaiMG89SflCIAFO,内饰,0,
yVaiMG89SflCIAFO,外观,0,
Yvf0MBtRGmhlI2Da,外观,0,
yvfepBJPTYDQnUR1,动力,0,
yVOWT40RZjK5G6lN,动力,0,
Yw2XUN6K39IjTPxW,动力,0,
ywbD6xNG1T2oWVSK,动力,0,
yWP4l5DnJ3KuZgcF,配置,0,
YxTZFs6fdjmQtgKi,动力,0,
yYQdDKMxtchZN5sf,配置,0,
YZeHw7Mk50BE6gvL,操控,0,
Yzmyf0uh3PVANlEe,油耗,0,
YZOnfxg1HLh4TKi6,动力,0,
YzZF9BNnTf45Opbd,动力,0,
z2At1CMUmnBH9V45,动力,0,
z3OHCqIM19ToNGms,操控,0,
Z58QNMr0kq9cFDWp,舒适性,0,
z59LjPRrfK6GvYxW,动力,0,
Z9PREmyDro2UO8ts,舒适性,0,
zaJ8CH7YNnlpohBF,操控,0,
ZAlnvoC7XP2943q5,价格,0,
ZAM1qO8EQJ4l3hkd,操控,0,
ZAM1qO8EQJ4l3hkd,配置,0,
zAVdlMoI2FWtqC0c,安全性,0,
zb8MvKUAes1V7gCT,安全性,0,
ZbJ89gQoDM1iTw4W,动力,0,
ZbJ89gQoDM1iTw4W,舒适性,0,
zBpwD0uv32QVWmxo,动力,0,
ZBUdpHAto9MPLyCn,价格,0,
Zc15XPI08FSkpm6j,操控,0,
ZcTaM15b6BRKCEgj,动力,0,
zcUykM2I4H1FeYwN,安全性,0,
zcZNS3fRm6ntFUsH,动力,0,
ZE563haGl2TrmUzK,配置,0,
ZF5AeGsPEr3VKv4W,油耗,0,
zfepvd2rBiIMOqS1,安全性,0,
ZFyWCP6YujnMsabq,舒适性,0,
Zg1uknB2VEqXa94t,配置,0,
Zi7Vklfocs4dB9Hr,舒适性,0,
zI9S3bKVMRdAoy1h,内饰,0,
zI9S3bKVMRdAoy1h,动力,0,
ZIjeybOiWSJA3UGc,动力,0,
zIxqSwLQAGsVrdn1,动力,0,
ZJ3ajfVXhO4rPdoB,舒适性,0,
zjemayo25vJDESuH,动力,0,
ZkISbOqh6ixQAz7F,配置,0,
ZkpROl7deciBtQVX,安全性,0,
zkxTYaZmtwLS769u,安全性,0,
zL1doOK2Rs4Tu7Sc,空间,0,
ZL4GrBCOMT72atl6,操控,0,
ZL70Sl1THNmxjPw3,外观,0,
zLcmh0s9f7tuvr2y,配置,0,
ZlfKXOg1c3nUd4qN,安全性,0,
zm3aPt6bvZuygGj5,动力,0,
ZN19DMsRqn0f2jLr,舒适性,0,
ZnDUOSW6GN4aeuCM,内饰,0,
zNOpw2XDJxFkCofv,内饰,0,
ZnUxmYN7lhCHrsGy,舒适性,0,
ZOAU96PMEn4wzyRr,配置,0,
zoEWAY2iHd0phLbS,价格,0,
zoYdIOEQygqhVDnX,内饰,0,
ZPgaN2jw9A4etqWo,油耗,0,
zq8NBYC3DZwhmgi7,价格,0,
ZQha9uyENtGiXSlk,油耗,0,
ZQuHmL51yMjfhdNT,价格,0,
ZrHqi0s6zK4kAGbf,价格,0,
ZRIkFXsrlfqQyBnd,油耗,0,
zrQwD9Vt0qfFACLi,油耗,0,
ZsDzqcSI4W32yEb6,外观,0,
ZsDzqcSI4W32yEb6,舒适性,0,
zSfR6q8UkdY1NrCj,内饰,0,
ZsyGQ2DXnLgWKClO,价格,0,
ZsYPd6yQ95V1xWj8,油耗,0,
ZUcv0FYIMAVkOdjz,操控,0,
zUhjVLOYFpIsDkxl,动力,0,
ZuPb8RNdroEIavy9,价格,0,
Zv51Qg8l4oG7XWNK,动力,0,
Zv5DU4JOuFnpc6MT,动力,0,
ZVsWUvKBeTg7iGDo,油耗,0,
zWLKO0VFxmvkS6RQ,内饰,0,
zWLKO0VFxmvkS6RQ,操控,0,
ZX3jmBtvdNYzpOiq,价格,0,
ZXKbJ5SifwD6pdmu,安全性,0,
ZypUkorMqD7THle9,配置,0,
ZYrXDv38lRpEL7jn,内饰,0,
Zz3EQdlrNtUfWwbJ,空间,0,
